Data,Produto,Preco_Unitario,Vendas_Do_Dia,Estoque_Disponivel,Fim_De_Semana
2025-01-01,Teclado Mecânico,250.0,58,85,0
2025-01-02,Teclado Mecânico,250.0,65,84,0
2025-01-03,Teclado Mecânico,250.0,93,230,1
2025-01-04,Teclado Mecânico,250.0,97,119,1
2025-01-05,Teclado Mecânico,250.0,89,136,1
2025-01-06,Teclado Mecânico,250.0,61,106,0
2025-01-07,Teclado Mecânico,250.0,50,86,0
2025-01-08,Teclado Mecânico,250.0,68,156,0
2025-01-09,Teclado Mecânico,250.0,61,113,0
2025-01-10,Teclado Mecânico,250.0,88,177,1
2025-01-11,Teclado Mecânico,250.0,89,189,1
2025-01-12,Teclado Mecânico,250.0,95,215,1
2025-01-13,Teclado Mecânico,250.0,64,96,0
2025-01-14,Teclado Mecânico,250.0,61,80,0
2025-01-15,Teclado Mecânico,250.0,60,82,0
2025-01-16,Teclado Mecânico,250.0,68,165,0
2025-01-17,Teclado Mecânico,250.0,87,181,1
2025-01-18,Teclado Mecânico,250.0,91,114,1
2025-01-19,Teclado Mecânico,250.0,91,217,1
2025-01-20,Teclado Mecânico,250.0,65,114,0
2025-01-21,Teclado Mecânico,250.0,77,118,0
2025-01-22,Teclado Mecânico,250.0,69,203,0
2025-01-23,Teclado Mecânico,250.0,64,182,0
2025-01-24,Teclado Mecânico,250.0,96,130,1
2025-01-25,Teclado Mecânico,250.0,87,146,1
2025-01-26,Teclado Mecânico,250.0,84,226,1
2025-01-27,Teclado Mecânico,250.0,57,124,0
2025-01-28,Teclado Mecânico,250.0,59,85,0
2025-01-29,Teclado Mecânico,250.0,66,165,0
2025-01-30,Teclado Mecânico,250.0,68,176,0
2025-01-31,Teclado Mecânico,250.0,91,128,1
2025-02-01,Teclado Mecânico,250.0,89,245,1
2025-02-02,Teclado Mecânico,250.0,84,110,1
2025-02-03,Teclado Mecânico,250.0,69,121,0
2025-02-04,Teclado Mecânico,250.0,69,161,0
2025-02-05,Teclado Mecânico,250.0,59,165,0
2025-02-06,Teclado Mecânico,250.0,58,144,0
2025-02-07,Teclado Mecânico,250.0,91,233,1
2025-02-08,Teclado Mecânico,250.0,99,206,1
2025-02-09,Teclado Mecânico,250.0,93,199,1
2025-02-10,Teclado Mecânico,250.0,61,85,0
2025-02-11,Teclado Mecânico,250.0,63,79,0
2025-02-12,Teclado Mecânico,250.0,56,118,0
2025-02-13,Teclado Mecânico,250.0,69,195,0
2025-02-14,Teclado Mecânico,250.0,89,227,1
2025-02-15,Teclado Mecânico,250.0,84,135,1
2025-02-16,Teclado Mecânico,250.0,91,135,1
2025-02-17,Teclado Mecânico,250.0,61,175,0
2025-02-18,Teclado Mecânico,250.0,66,182,0
2025-02-19,Teclado Mecânico,250.0,69,182,0
2025-02-20,Teclado Mecânico,250.0,70,196,0
2025-02-21,Teclado Mecânico,250.0,93,164,1
2025-02-22,Teclado Mecânico,250.0,91,179,1
2025-02-23,Teclado Mecânico,250.0,90,240,1
2025-02-24,Teclado Mecânico,250.0,50,79,0
2025-02-25,Teclado Mecânico,250.0,65,92,0
2025-02-26,Teclado Mecânico,250.0,66,117,0
2025-02-27,Teclado Mecânico,250.0,63,134,0
2025-02-28,Teclado Mecânico,250.0,87,256,1
2025-03-01,Teclado Mecânico,250.0,99,290,1
2025-03-02,Teclado Mecânico,250.0,92,160,1
2025-03-03,Teclado Mecânico,250.0,55,94,0
2025-03-04,Teclado Mecânico,250.0,64,134,0
2025-03-05,Teclado Mecânico,250.0,61,78,0
2025-03-06,Teclado Mecânico,250.0,66,107,0
2025-03-07,Teclado Mecânico,250.0,91,132,1
2025-03-08,Teclado Mecânico,250.0,93,152,1
2025-03-09,Teclado Mecânico,250.0,92,221,1
2025-03-10,Teclado Mecânico,250.0,60,150,0
2025-03-11,Teclado Mecânico,250.0,67,124,0
2025-03-12,Teclado Mecânico,250.0,70,151,0
2025-03-13,Teclado Mecânico,250.0,70,95,0
2025-03-14,Teclado Mecânico,250.0,89,136,1
2025-03-15,Teclado Mecânico,250.0,96,122,1
2025-03-16,Teclado Mecânico,250.0,100,122,1
2025-03-17,Teclado Mecânico,250.0,68,144,0
2025-03-18,Teclado Mecânico,250.0,67,101,0
2025-03-19,Teclado Mecânico,250.0,57,139,0
2025-03-20,Teclado Mecânico,250.0,67,96,0
2025-03-21,Teclado Mecânico,250.0,91,165,1
2025-03-22,Teclado Mecânico,250.0,90,214,1
2025-03-23,Teclado Mecânico,250.0,95,253,1
2025-03-24,Teclado Mecânico,250.0,70,114,0
2025-03-25,Teclado Mecânico,250.0,76,103,0
2025-03-26,Teclado Mecânico,250.0,56,102,0
2025-03-27,Teclado Mecânico,250.0,69,172,0
2025-03-28,Teclado Mecânico,250.0,95,128,1
2025-03-29,Teclado Mecânico,250.0,98,146,1
2025-03-30,Teclado Mecânico,250.0,93,113,1
2025-03-31,Teclado Mecânico,250.0,68,94,0
2025-04-01,Teclado Mecânico,250.0,64,156,0
2025-04-02,Teclado Mecânico,250.0,57,135,0
2025-04-03,Teclado Mecânico,250.0,67,109,0
2025-04-04,Teclado Mecânico,250.0,87,155,1
2025-04-05,Teclado Mecânico,250.0,96,261,1
2025-04-06,Teclado Mecânico,250.0,98,233,1
2025-04-07,Teclado Mecânico,250.0,59,109,0
2025-04-08,Teclado Mecânico,250.0,64,107,0
2025-04-09,Teclado Mecânico,250.0,68,158,0
2025-04-10,Teclado Mecânico,250.0,62,163,0
2025-04-11,Teclado Mecânico,250.0,105,219,1
2025-04-12,Teclado Mecânico,250.0,92,142,1
2025-04-13,Teclado Mecânico,250.0,87,108,1
2025-04-14,Teclado Mecânico,250.0,68,160,0
2025-04-15,Teclado Mecânico,250.0,63,185,0
2025-04-16,Teclado Mecânico,250.0,67,196,0
2025-04-17,Teclado Mecânico,250.0,61,115,0
2025-04-18,Teclado Mecânico,250.0,96,262,1
2025-04-19,Teclado Mecânico,250.0,87,191,1
2025-04-20,Teclado Mecânico,250.0,89,256,1
2025-04-21,Teclado Mecânico,250.0,67,92,0
2025-04-22,Teclado Mecânico,250.0,72,166,0
2025-04-23,Teclado Mecânico,250.0,69,174,0
2025-04-24,Teclado Mecânico,250.0,64,157,0
2025-04-25,Teclado Mecânico,250.0,87,150,1
2025-04-26,Teclado Mecânico,250.0,99,263,1
2025-04-27,Teclado Mecânico,250.0,93,264,1
2025-04-28,Teclado Mecânico,250.0,65,137,0
2025-04-29,Teclado Mecânico,250.0,71,168,0
2025-04-30,Teclado Mecânico,250.0,63,155,0
2025-05-01,Teclado Mecânico,250.0,65,117,0
2025-05-02,Teclado Mecânico,250.0,93,174,1
2025-05-03,Teclado Mecânico,250.0,93,117,1
2025-05-04,Teclado Mecânico,250.0,88,179,1
2025-05-05,Teclado Mecânico,250.0,54,122,0
2025-05-06,Teclado Mecânico,250.0,65,81,0
2025-05-07,Teclado Mecânico,250.0,59,126,0
2025-05-08,Teclado Mecânico,250.0,62,160,0
2025-05-09,Teclado Mecânico,250.0,95,128,1
2025-05-10,Teclado Mecânico,250.0,85,109,1
2025-05-11,Teclado Mecânico,250.0,104,244,1
2025-05-12,Teclado Mecânico,250.0,73,183,0
2025-05-13,Teclado Mecânico,250.0,63,112,0
2025-05-14,Teclado Mecânico,250.0,66,173,0
2025-05-15,Teclado Mecânico,250.0,61,81,0
2025-05-16,Teclado Mecânico,250.0,83,103,1
2025-05-17,Teclado Mecânico,250.0,88,133,1
2025-05-18,Teclado Mecânico,250.0,100,148,1
2025-05-19,Teclado Mecânico,250.0,65,161,0
2025-05-20,Teclado Mecânico,250.0,55,131,0
2025-05-21,Teclado Mecânico,250.0,65,149,0
2025-05-22,Teclado Mecânico,250.0,72,140,0
2025-05-23,Teclado Mecânico,250.0,88,225,1
2025-05-24,Teclado Mecânico,250.0,85,104,1
2025-05-25,Teclado Mecânico,250.0,91,125,1
2025-05-26,Teclado Mecânico,250.0,73,152,0
2025-05-27,Teclado Mecânico,250.0,57,112,0
2025-05-28,Teclado Mecânico,250.0,63,120,0
2025-05-29,Teclado Mecânico,250.0,71,90,0
2025-05-30,Teclado Mecânico,250.0,98,183,1
2025-05-31,Teclado Mecânico,250.0,92,252,1
2025-06-01,Teclado Mecânico,250.0,104,248,1
2025-06-02,Teclado Mecânico,250.0,62,139,0
2025-06-03,Teclado Mecânico,250.0,64,185,0
2025-06-04,Teclado Mecânico,250.0,54,127,0
2025-06-05,Teclado Mecânico,250.0,70,141,0
2025-06-06,Teclado Mecânico,250.0,95,180,1
2025-06-07,Teclado Mecânico,250.0,92,269,1
2025-06-08,Teclado Mecânico,250.0,89,157,1
2025-06-09,Teclado Mecânico,250.0,64,174,0
2025-06-10,Teclado Mecânico,250.0,60,147,0
2025-06-11,Teclado Mecânico,250.0,62,144,0
2025-06-12,Teclado Mecânico,250.0,65,172,0
2025-06-13,Teclado Mecânico,250.0,95,162,1
2025-06-14,Teclado Mecânico,250.0,95,251,1
2025-06-15,Teclado Mecânico,250.0,88,262,1
2025-06-16,Teclado Mecânico,250.0,54,140,0
2025-06-17,Teclado Mecânico,250.0,57,103,0
2025-06-18,Teclado Mecânico,250.0,71,181,0
2025-06-19,Teclado Mecânico,250.0,61,84,0
2025-06-20,Teclado Mecânico,250.0,92,247,1
2025-06-21,Teclado Mecânico,250.0,96,170,1
2025-06-22,Teclado Mecânico,250.0,91,110,1
2025-06-23,Teclado Mecânico,250.0,68,192,0
2025-06-24,Teclado Mecânico,250.0,62,180,0
2025-06-25,Teclado Mecânico,250.0,60,174,0
2025-06-26,Teclado Mecânico,250.0,73,146,0
2025-06-27,Teclado Mecânico,250.0,97,167,1
2025-06-28,Teclado Mecânico,250.0,98,250,1
2025-06-29,Teclado Mecânico,250.0,86,225,1
2025-06-30,Teclado Mecânico,250.0,60,131,0
2025-07-01,Teclado Mecânico,250.0,63,125,0
2025-07-02,Teclado Mecânico,250.0,62,87,0
2025-07-03,Teclado Mecânico,250.0,67,97,0
2025-07-04,Teclado Mecânico,250.0,95,131,1
2025-07-05,Teclado Mecânico,250.0,99,133,1
2025-07-06,Teclado Mecânico,250.0,90,241,1
2025-07-07,Teclado Mecânico,250.0,64,158,0
2025-07-08,Teclado Mecânico,250.0,69,200,0
2025-07-09,Teclado Mecânico,250.0,61,181,0
2025-07-10,Teclado Mecânico,250.0,60,81,0
2025-07-11,Teclado Mecânico,250.0,99,257,1
2025-07-12,Teclado Mecânico,250.0,82,232,1
2025-07-13,Teclado Mecânico,250.0,100,140,1
2025-07-14,Teclado Mecânico,250.0,62,126,0
2025-07-15,Teclado Mecânico,250.0,63,81,0
2025-07-16,Teclado Mecânico,250.0,70,157,0
2025-07-17,Teclado Mecânico,250.0,67,196,0
2025-07-18,Teclado Mecânico,250.0,85,234,1
2025-07-19,Teclado Mecânico,250.0,88,141,1
2025-07-20,Teclado Mecânico,250.0,92,274,1
2025-07-21,Teclado Mecânico,250.0,68,90,0
2025-07-22,Teclado Mecânico,250.0,66,141,0
2025-07-23,Teclado Mecânico,250.0,64,149,0
2025-07-24,Teclado Mecânico,250.0,61,142,0
2025-07-25,Teclado Mecânico,250.0,101,227,1
2025-07-26,Teclado Mecânico,250.0,91,210,1
2025-07-27,Teclado Mecânico,250.0,97,164,1
2025-07-28,Teclado Mecânico,250.0,63,115,0
2025-07-29,Teclado Mecânico,250.0,57,128,0
2025-07-30,Teclado Mecânico,250.0,54,143,0
2025-07-31,Teclado Mecânico,250.0,65,158,0
2025-08-01,Teclado Mecânico,250.0,96,187,1
2025-08-02,Teclado Mecânico,250.0,99,285,1
2025-08-03,Teclado Mecânico,250.0,91,241,1
2025-08-04,Teclado Mecânico,250.0,62,184,0
2025-08-05,Teclado Mecânico,250.0,65,122,0
2025-08-06,Teclado Mecânico,250.0,58,170,0
2025-08-07,Teclado Mecânico,250.0,65,132,0
2025-08-08,Teclado Mecânico,250.0,93,181,1
2025-08-09,Teclado Mecânico,250.0,91,250,1
2025-08-10,Teclado Mecânico,250.0,92,245,1
2025-08-11,Teclado Mecânico,250.0,71,205,0
2025-08-12,Teclado Mecânico,250.0,65,177,0
2025-08-13,Teclado Mecânico,250.0,62,88,0
2025-08-14,Teclado Mecânico,250.0,55,160,0
2025-08-15,Teclado Mecânico,250.0,85,204,1
2025-08-16,Teclado Mecânico,250.0,94,217,1
2025-08-17,Teclado Mecânico,250.0,88,211,1
2025-08-18,Teclado Mecânico,250.0,62,132,0
2025-08-19,Teclado Mecânico,250.0,64,174,0
2025-08-20,Teclado Mecânico,250.0,71,155,0
2025-08-21,Teclado Mecânico,250.0,69,132,0
2025-08-22,Teclado Mecânico,250.0,93,134,1
2025-08-23,Teclado Mecânico,250.0,99,156,1
2025-08-24,Teclado Mecânico,250.0,96,138,1
2025-08-25,Teclado Mecânico,250.0,55,109,0
2025-08-26,Teclado Mecânico,250.0,71,200,0
2025-08-27,Teclado Mecânico,250.0,64,167,0
2025-08-28,Teclado Mecânico,250.0,53,101,0
2025-08-29,Teclado Mecânico,250.0,97,282,1
2025-08-30,Teclado Mecânico,250.0,93,136,1
2025-08-31,Teclado Mecânico,250.0,92,153,1
2025-09-01,Teclado Mecânico,250.0,67,135,0
2025-09-02,Teclado Mecânico,250.0,63,112,0
2025-09-03,Teclado Mecânico,250.0,65,152,0
2025-09-04,Teclado Mecânico,250.0,63,90,0
2025-09-05,Teclado Mecânico,250.0,91,130,1
2025-09-06,Teclado Mecânico,250.0,86,156,1
2025-09-07,Teclado Mecânico,250.0,94,264,1
2025-09-08,Teclado Mecânico,250.0,74,111,0
2025-09-09,Teclado Mecânico,250.0,62,95,0
2025-09-10,Teclado Mecânico,250.0,59,80,0
2025-09-11,Teclado Mecânico,250.0,61,86,0
2025-09-12,Teclado Mecânico,250.0,85,157,1
2025-09-13,Teclado Mecânico,250.0,91,191,1
2025-09-14,Teclado Mecânico,250.0,91,240,1
2025-09-15,Teclado Mecânico,250.0,64,149,0
2025-09-16,Teclado Mecânico,250.0,68,173,0
2025-09-17,Teclado Mecânico,250.0,60,91,0
2025-09-18,Teclado Mecânico,250.0,61,126,0
2025-09-19,Teclado Mecânico,250.0,86,198,1
2025-09-20,Teclado Mecânico,250.0,89,226,1
2025-09-21,Teclado Mecânico,250.0,81,102,1
2025-09-22,Teclado Mecânico,250.0,68,191,0
2025-09-23,Teclado Mecânico,250.0,58,123,0
2025-09-24,Teclado Mecânico,250.0,59,118,0
2025-09-25,Teclado Mecânico,250.0,64,138,0
2025-09-26,Teclado Mecânico,250.0,88,165,1
2025-09-27,Teclado Mecânico,250.0,87,107,1
2025-09-28,Teclado Mecânico,250.0,86,153,1
2025-09-29,Teclado Mecânico,250.0,60,84,0
2025-09-30,Teclado Mecânico,250.0,64,155,0
2025-10-01,Teclado Mecânico,250.0,68,178,0
2025-10-02,Teclado Mecânico,250.0,59,127,0
2025-10-03,Teclado Mecânico,250.0,92,207,1
2025-10-04,Teclado Mecânico,250.0,90,128,1
2025-10-05,Teclado Mecânico,250.0,100,171,1
2025-10-06,Teclado Mecânico,250.0,70,155,0
2025-10-07,Teclado Mecânico,250.0,57,104,0
2025-10-08,Teclado Mecânico,250.0,64,104,0
2025-10-09,Teclado Mecânico,250.0,64,88,0
2025-10-10,Teclado Mecânico,250.0,90,134,1
2025-10-11,Teclado Mecânico,250.0,89,136,1
2025-10-12,Teclado Mecânico,250.0,88,247,1
2025-10-13,Teclado Mecânico,250.0,61,82,0
2025-10-14,Teclado Mecânico,250.0,51,151,0
2025-10-15,Teclado Mecânico,250.0,67,93,0
2025-10-16,Teclado Mecânico,250.0,65,179,0
2025-10-17,Teclado Mecânico,250.0,91,243,1
2025-10-18,Teclado Mecânico,250.0,88,211,1
2025-10-19,Teclado Mecânico,250.0,89,255,1
2025-10-20,Teclado Mecânico,250.0,74,126,0
2025-10-21,Teclado Mecânico,250.0,71,183,0
2025-10-22,Teclado Mecânico,250.0,61,119,0
2025-10-23,Teclado Mecânico,250.0,58,122,0
2025-10-24,Teclado Mecânico,250.0,90,206,1
2025-10-25,Teclado Mecânico,250.0,90,154,1
2025-10-26,Teclado Mecânico,250.0,86,177,1
2025-10-27,Teclado Mecânico,250.0,65,140,0
2025-10-28,Teclado Mecânico,250.0,63,90,0
2025-10-29,Teclado Mecânico,250.0,61,80,0
2025-10-30,Teclado Mecânico,250.0,60,145,0
2025-10-31,Teclado Mecânico,250.0,96,246,1
2025-11-01,Teclado Mecânico,250.0,88,170,1
2025-11-02,Teclado Mecânico,250.0,104,190,1
2025-11-03,Teclado Mecânico,250.0,64,97,0
2025-11-04,Teclado Mecânico,250.0,64,84,0
2025-11-05,Teclado Mecânico,250.0,66,179,0
2025-11-06,Teclado Mecânico,250.0,71,103,0
2025-11-07,Teclado Mecânico,250.0,89,133,1
2025-11-08,Teclado Mecânico,250.0,95,142,1
2025-11-09,Teclado Mecânico,250.0,95,203,1
2025-11-10,Teclado Mecânico,250.0,69,127,0
2025-11-11,Teclado Mecânico,250.0,62,165,0
2025-11-12,Teclado Mecânico,250.0,68,135,0
2025-11-13,Teclado Mecânico,250.0,60,104,0
2025-11-14,Teclado Mecânico,250.0,81,206,1
2025-11-15,Teclado Mecânico,250.0,84,236,1
2025-11-16,Teclado Mecânico,250.0,92,173,1
2025-11-17,Teclado Mecânico,250.0,68,158,0
2025-11-18,Teclado Mecânico,250.0,64,90,0
2025-11-19,Teclado Mecânico,250.0,64,115,0
2025-11-20,Teclado Mecânico,250.0,66,95,0
2025-11-21,Teclado Mecânico,250.0,94,203,1
2025-11-22,Teclado Mecânico,250.0,98,275,1
2025-11-23,Teclado Mecânico,250.0,89,156,1
2025-11-24,Teclado Mecânico,250.0,65,107,0
2025-11-25,Teclado Mecânico,250.0,71,197,0
2025-11-26,Teclado Mecânico,250.0,65,118,0
2025-11-27,Teclado Mecânico,250.0,70,102,0
2025-11-28,Teclado Mecânico,250.0,90,145,1
2025-11-29,Teclado Mecânico,250.0,97,228,1
2025-11-30,Teclado Mecânico,250.0,97,237,1
2025-12-01,Teclado Mecânico,250.0,55,100,0
2025-12-02,Teclado Mecânico,250.0,65,99,0
2025-12-03,Teclado Mecânico,250.0,64,122,0
2025-12-04,Teclado Mecânico,250.0,68,138,0
2025-12-05,Teclado Mecânico,250.0,93,213,1
2025-12-06,Teclado Mecânico,250.0,105,129,1
2025-12-07,Teclado Mecânico,250.0,101,288,1
2025-12-08,Teclado Mecânico,250.0,66,163,0
2025-12-09,Teclado Mecânico,250.0,65,148,0
2025-12-10,Teclado Mecânico,250.0,58,113,0
2025-12-11,Teclado Mecânico,250.0,64,183,0
2025-12-12,Teclado Mecânico,250.0,92,185,1
2025-12-13,Teclado Mecânico,250.0,104,199,1
2025-12-14,Teclado Mecânico,250.0,94,122,1
2025-12-15,Teclado Mecânico,250.0,69,83,0
2025-12-16,Teclado Mecânico,250.0,60,108,0
2025-12-17,Teclado Mecânico,250.0,68,194,0
2025-12-18,Teclado Mecânico,250.0,52,94,0
2025-12-19,Teclado Mecânico,250.0,98,197,1
2025-12-20,Teclado Mecânico,250.0,88,141,1
2025-12-21,Teclado Mecânico,250.0,86,130,1
2025-12-22,Teclado Mecânico,250.0,63,132,0
2025-12-23,Teclado Mecânico,250.0,67,124,0
2025-12-24,Teclado Mecânico,250.0,63,141,0
2025-12-25,Teclado Mecânico,250.0,58,169,0
2025-12-26,Teclado Mecânico,250.0,94,137,1
2025-12-27,Teclado Mecânico,250.0,88,263,1
2025-12-28,Teclado Mecânico,250.0,91,191,1
2025-12-29,Teclado Mecânico,250.0,60,152,0
2025-12-30,Teclado Mecânico,250.0,64,100,0
2025-12-31,Teclado Mecânico,250.0,63,97,0
2025-01-01,Mouse Gamer,150.0,58,109,0
2025-01-02,Mouse Gamer,150.0,59,102,0
2025-01-03,Mouse Gamer,150.0,89,221,1
2025-01-04,Mouse Gamer,150.0,95,196,1
2025-01-05,Mouse Gamer,150.0,92,192,1
2025-01-06,Mouse Gamer,150.0,55,99,0
2025-01-07,Mouse Gamer,150.0,58,77,0
2025-01-08,Mouse Gamer,150.0,53,149,0
2025-01-09,Mouse Gamer,150.0,62,133,0
2025-01-10,Mouse Gamer,150.0,89,147,1
2025-01-11,Mouse Gamer,150.0,72,111,1
2025-01-12,Mouse Gamer,150.0,96,173,1
2025-01-13,Mouse Gamer,150.0,58,129,0
2025-01-14,Mouse Gamer,150.0,58,144,0
2025-01-15,Mouse Gamer,150.0,62,164,0
2025-01-16,Mouse Gamer,150.0,57,151,0
2025-01-17,Mouse Gamer,150.0,83,243,1
2025-01-18,Mouse Gamer,150.0,74,100,1
2025-01-19,Mouse Gamer,150.0,78,182,1
2025-01-20,Mouse Gamer,150.0,61,86,0
2025-01-21,Mouse Gamer,150.0,59,163,0
2025-01-22,Mouse Gamer,150.0,64,181,0
2025-01-23,Mouse Gamer,150.0,62,144,0
2025-01-24,Mouse Gamer,150.0,88,163,1
2025-01-25,Mouse Gamer,150.0,80,100,1
2025-01-26,Mouse Gamer,150.0,80,207,1
2025-01-27,Mouse Gamer,150.0,62,114,0
2025-01-28,Mouse Gamer,150.0,55,162,0
2025-01-29,Mouse Gamer,150.0,59,153,0
2025-01-30,Mouse Gamer,150.0,58,172,0
2025-01-31,Mouse Gamer,150.0,78,159,1
2025-02-01,Mouse Gamer,150.0,82,174,1
2025-02-02,Mouse Gamer,150.0,76,192,1
2025-02-03,Mouse Gamer,150.0,53,84,0
2025-02-04,Mouse Gamer,150.0,65,153,0
2025-02-05,Mouse Gamer,150.0,52,146,0
2025-02-06,Mouse Gamer,150.0,56,136,0
2025-02-07,Mouse Gamer,150.0,87,187,1
2025-02-08,Mouse Gamer,150.0,85,226,1
2025-02-09,Mouse Gamer,150.0,79,152,1
2025-02-10,Mouse Gamer,150.0,57,119,0
2025-02-11,Mouse Gamer,150.0,54,78,0
2025-02-12,Mouse Gamer,150.0,59,98,0
2025-02-13,Mouse Gamer,150.0,62,102,0
2025-02-14,Mouse Gamer,150.0,78,182,1
2025-02-15,Mouse Gamer,150.0,97,262,1
2025-02-16,Mouse Gamer,150.0,82,158,1
2025-02-17,Mouse Gamer,150.0,55,101,0
2025-02-18,Mouse Gamer,150.0,64,187,0
2025-02-19,Mouse Gamer,150.0,56,159,0
2025-02-20,Mouse Gamer,150.0,63,157,0
2025-02-21,Mouse Gamer,150.0,85,162,1
2025-02-22,Mouse Gamer,150.0,83,242,1
2025-02-23,Mouse Gamer,150.0,82,138,1
2025-02-24,Mouse Gamer,150.0,52,112,0
2025-02-25,Mouse Gamer,150.0,59,160,0
2025-02-26,Mouse Gamer,150.0,56,163,0
2025-02-27,Mouse Gamer,150.0,59,121,0
2025-02-28,Mouse Gamer,150.0,77,140,1
2025-03-01,Mouse Gamer,150.0,77,190,1
2025-03-02,Mouse Gamer,150.0,74,168,1
2025-03-03,Mouse Gamer,150.0,53,71,0
2025-03-04,Mouse Gamer,150.0,57,68,0
2025-03-05,Mouse Gamer,150.0,56,148,0
2025-03-06,Mouse Gamer,150.0,54,158,0
2025-03-07,Mouse Gamer,150.0,86,183,1
2025-03-08,Mouse Gamer,150.0,88,119,1
2025-03-09,Mouse Gamer,150.0,89,222,1
2025-03-10,Mouse Gamer,150.0,61,143,0
2025-03-11,Mouse Gamer,150.0,64,82,0
2025-03-12,Mouse Gamer,150.0,62,149,0
2025-03-13,Mouse Gamer,150.0,58,173,0
2025-03-14,Mouse Gamer,150.0,80,176,1
2025-03-15,Mouse Gamer,150.0,73,103,1
2025-03-16,Mouse Gamer,150.0,81,203,1
2025-03-17,Mouse Gamer,150.0,56,109,0
2025-03-18,Mouse Gamer,150.0,56,147,0
2025-03-19,Mouse Gamer,150.0,64,151,0
2025-03-20,Mouse Gamer,150.0,44,104,0
2025-03-21,Mouse Gamer,150.0,87,179,1
2025-03-22,Mouse Gamer,150.0,73,203,1
2025-03-23,Mouse Gamer,150.0,70,134,1
2025-03-24,Mouse Gamer,150.0,64,142,0
2025-03-25,Mouse Gamer,150.0,58,138,0
2025-03-26,Mouse Gamer,150.0,64,161,0
2025-03-27,Mouse Gamer,150.0,44,122,0
2025-03-28,Mouse Gamer,150.0,86,167,1
2025-03-29,Mouse Gamer,150.0,84,100,1
2025-03-30,Mouse Gamer,150.0,83,127,1
2025-03-31,Mouse Gamer,150.0,60,79,0
2025-04-01,Mouse Gamer,150.0,56,68,0
2025-04-02,Mouse Gamer,150.0,57,127,0
2025-04-03,Mouse Gamer,150.0,54,91,0
2025-04-04,Mouse Gamer,150.0,79,142,1
2025-04-05,Mouse Gamer,150.0,82,175,1
2025-04-06,Mouse Gamer,150.0,73,199,1
2025-04-07,Mouse Gamer,150.0,56,139,0
2025-04-08,Mouse Gamer,150.0,49,139,0
2025-04-09,Mouse Gamer,150.0,60,76,0
2025-04-10,Mouse Gamer,150.0,56,79,0
2025-04-11,Mouse Gamer,150.0,78,227,1
2025-04-12,Mouse Gamer,150.0,79,178,1
2025-04-13,Mouse Gamer,150.0,87,258,1
2025-04-14,Mouse Gamer,150.0,58,163,0
2025-04-15,Mouse Gamer,150.0,62,184,0
2025-04-16,Mouse Gamer,150.0,57,109,0
2025-04-17,Mouse Gamer,150.0,57,154,0
2025-04-18,Mouse Gamer,150.0,86,121,1
2025-04-19,Mouse Gamer,150.0,80,102,1
2025-04-20,Mouse Gamer,150.0,81,236,1
2025-04-21,Mouse Gamer,150.0,57,153,0
2025-04-22,Mouse Gamer,150.0,60,95,0
2025-04-23,Mouse Gamer,150.0,63,134,0
2025-04-24,Mouse Gamer,150.0,60,100,0
2025-04-25,Mouse Gamer,150.0,95,202,1
2025-04-26,Mouse Gamer,150.0,84,236,1
2025-04-27,Mouse Gamer,150.0,83,168,1
2025-04-28,Mouse Gamer,150.0,64,80,0
2025-04-29,Mouse Gamer,150.0,61,171,0
2025-04-30,Mouse Gamer,150.0,56,106,0
2025-05-01,Mouse Gamer,150.0,63,106,0
2025-05-02,Mouse Gamer,150.0,80,218,1
2025-05-03,Mouse Gamer,150.0,83,104,1
2025-05-04,Mouse Gamer,150.0,85,214,1
2025-05-05,Mouse Gamer,150.0,56,95,0
2025-05-06,Mouse Gamer,150.0,56,120,0
2025-05-07,Mouse Gamer,150.0,58,170,0
2025-05-08,Mouse Gamer,150.0,57,161,0
2025-05-09,Mouse Gamer,150.0,88,196,1
2025-05-10,Mouse Gamer,150.0,85,234,1
2025-05-11,Mouse Gamer,150.0,93,234,1
2025-05-12,Mouse Gamer,150.0,63,103,0
2025-05-13,Mouse Gamer,150.0,57,84,0
2025-05-14,Mouse Gamer,150.0,55,89,0
2025-05-15,Mouse Gamer,150.0,52,149,0
2025-05-16,Mouse Gamer,150.0,84,129,1
2025-05-17,Mouse Gamer,150.0,80,222,1
2025-05-18,Mouse Gamer,150.0,82,228,1
2025-05-19,Mouse Gamer,150.0,60,72,0
2025-05-20,Mouse Gamer,150.0,54,153,0
2025-05-21,Mouse Gamer,150.0,60,72,0
2025-05-22,Mouse Gamer,150.0,65,108,0
2025-05-23,Mouse Gamer,150.0,84,130,1
2025-05-24,Mouse Gamer,150.0,81,178,1
2025-05-25,Mouse Gamer,150.0,80,112,1
2025-05-26,Mouse Gamer,150.0,56,95,0
2025-05-27,Mouse Gamer,150.0,58,71,0
2025-05-28,Mouse Gamer,150.0,63,120,0
2025-05-29,Mouse Gamer,150.0,56,85,0
2025-05-30,Mouse Gamer,150.0,87,131,1
2025-05-31,Mouse Gamer,150.0,86,222,1
2025-06-01,Mouse Gamer,150.0,86,176,1
2025-06-02,Mouse Gamer,150.0,62,80,0
2025-06-03,Mouse Gamer,150.0,67,152,0
2025-06-04,Mouse Gamer,150.0,53,100,0
2025-06-05,Mouse Gamer,150.0,63,104,0
2025-06-06,Mouse Gamer,150.0,80,96,1
2025-06-07,Mouse Gamer,150.0,82,237,1
2025-06-08,Mouse Gamer,150.0,77,106,1
2025-06-09,Mouse Gamer,150.0,58,155,0
2025-06-10,Mouse Gamer,150.0,63,109,0
2025-06-11,Mouse Gamer,150.0,59,95,0
2025-06-12,Mouse Gamer,150.0,60,86,0
2025-06-13,Mouse Gamer,150.0,73,129,1
2025-06-14,Mouse Gamer,150.0,80,200,1
2025-06-15,Mouse Gamer,150.0,79,218,1
2025-06-16,Mouse Gamer,150.0,60,149,0
2025-06-17,Mouse Gamer,150.0,51,111,0
2025-06-18,Mouse Gamer,150.0,70,104,0
2025-06-19,Mouse Gamer,150.0,56,120,0
2025-06-20,Mouse Gamer,150.0,77,94,1
2025-06-21,Mouse Gamer,150.0,79,224,1
2025-06-22,Mouse Gamer,150.0,87,255,1
2025-06-23,Mouse Gamer,150.0,56,67,0
2025-06-24,Mouse Gamer,150.0,50,113,0
2025-06-25,Mouse Gamer,150.0,50,110,0
2025-06-26,Mouse Gamer,150.0,60,96,0
2025-06-27,Mouse Gamer,150.0,85,151,1
2025-06-28,Mouse Gamer,150.0,78,176,1
2025-06-29,Mouse Gamer,150.0,84,123,1
2025-06-30,Mouse Gamer,150.0,57,116,0
2025-07-01,Mouse Gamer,150.0,52,153,0
2025-07-02,Mouse Gamer,150.0,65,162,0
2025-07-03,Mouse Gamer,150.0,63,183,0
2025-07-04,Mouse Gamer,150.0,86,243,1
2025-07-05,Mouse Gamer,150.0,87,127,1
2025-07-06,Mouse Gamer,150.0,87,120,1
2025-07-07,Mouse Gamer,150.0,55,113,0
2025-07-08,Mouse Gamer,150.0,57,89,0
2025-07-09,Mouse Gamer,150.0,63,182,0
2025-07-10,Mouse Gamer,150.0,54,71,0
2025-07-11,Mouse Gamer,150.0,88,118,1
2025-07-12,Mouse Gamer,150.0,83,222,1
2025-07-13,Mouse Gamer,150.0,76,224,1
2025-07-14,Mouse Gamer,150.0,52,81,0
2025-07-15,Mouse Gamer,150.0,62,78,0
2025-07-16,Mouse Gamer,150.0,60,144,0
2025-07-17,Mouse Gamer,150.0,58,133,0
2025-07-18,Mouse Gamer,150.0,87,200,1
2025-07-19,Mouse Gamer,150.0,85,246,1
2025-07-20,Mouse Gamer,150.0,82,190,1
2025-07-21,Mouse Gamer,150.0,60,124,0
2025-07-22,Mouse Gamer,150.0,64,152,0
2025-07-23,Mouse Gamer,150.0,68,177,0
2025-07-24,Mouse Gamer,150.0,63,130,0
2025-07-25,Mouse Gamer,150.0,91,206,1
2025-07-26,Mouse Gamer,150.0,80,189,1
2025-07-27,Mouse Gamer,150.0,95,170,1
2025-07-28,Mouse Gamer,150.0,55,112,0
2025-07-29,Mouse Gamer,150.0,60,118,0
2025-07-30,Mouse Gamer,150.0,59,75,0
2025-07-31,Mouse Gamer,150.0,51,110,0
2025-08-01,Mouse Gamer,150.0,89,185,1
2025-08-02,Mouse Gamer,150.0,82,130,1
2025-08-03,Mouse Gamer,150.0,79,154,1
2025-08-04,Mouse Gamer,150.0,60,90,0
2025-08-05,Mouse Gamer,150.0,55,161,0
2025-08-06,Mouse Gamer,150.0,63,146,0
2025-08-07,Mouse Gamer,150.0,56,141,0
2025-08-08,Mouse Gamer,150.0,83,180,1
2025-08-09,Mouse Gamer,150.0,91,193,1
2025-08-10,Mouse Gamer,150.0,81,154,1
2025-08-11,Mouse Gamer,150.0,57,130,0
2025-08-12,Mouse Gamer,150.0,64,152,0
2025-08-13,Mouse Gamer,150.0,59,176,0
2025-08-14,Mouse Gamer,150.0,53,100,0
2025-08-15,Mouse Gamer,150.0,76,154,1
2025-08-16,Mouse Gamer,150.0,80,207,1
2025-08-17,Mouse Gamer,150.0,86,165,1
2025-08-18,Mouse Gamer,150.0,65,121,0
2025-08-19,Mouse Gamer,150.0,63,133,0
2025-08-20,Mouse Gamer,150.0,54,107,0
2025-08-21,Mouse Gamer,150.0,56,77,0
2025-08-22,Mouse Gamer,150.0,91,204,1
2025-08-23,Mouse Gamer,150.0,74,177,1
2025-08-24,Mouse Gamer,150.0,84,147,1
2025-08-25,Mouse Gamer,150.0,54,103,0
2025-08-26,Mouse Gamer,150.0,66,126,0
2025-08-27,Mouse Gamer,150.0,65,105,0
2025-08-28,Mouse Gamer,150.0,59,117,0
2025-08-29,Mouse Gamer,150.0,81,145,1
2025-08-30,Mouse Gamer,150.0,92,134,1
2025-08-31,Mouse Gamer,150.0,80,160,1
2025-09-01,Mouse Gamer,150.0,60,99,0
2025-09-02,Mouse Gamer,150.0,58,107,0
2025-09-03,Mouse Gamer,150.0,64,117,0
2025-09-04,Mouse Gamer,150.0,49,105,0
2025-09-05,Mouse Gamer,150.0,86,172,1
2025-09-06,Mouse Gamer,150.0,88,242,1
2025-09-07,Mouse Gamer,150.0,91,114,1
2025-09-08,Mouse Gamer,150.0,69,205,0
2025-09-09,Mouse Gamer,150.0,55,71,0
2025-09-10,Mouse Gamer,150.0,55,129,0
2025-09-11,Mouse Gamer,150.0,54,73,0
2025-09-12,Mouse Gamer,150.0,80,110,1
2025-09-13,Mouse Gamer,150.0,91,174,1
2025-09-14,Mouse Gamer,150.0,87,179,1
2025-09-15,Mouse Gamer,150.0,49,104,0
2025-09-16,Mouse Gamer,150.0,60,109,0
2025-09-17,Mouse Gamer,150.0,52,74,0
2025-09-18,Mouse Gamer,150.0,58,84,0
2025-09-19,Mouse Gamer,150.0,83,123,1
2025-09-20,Mouse Gamer,150.0,83,127,1
2025-09-21,Mouse Gamer,150.0,79,128,1
2025-09-22,Mouse Gamer,150.0,60,176,0
2025-09-23,Mouse Gamer,150.0,61,180,0
2025-09-24,Mouse Gamer,150.0,51,95,0
2025-09-25,Mouse Gamer,150.0,58,149,0
2025-09-26,Mouse Gamer,150.0,84,117,1
2025-09-27,Mouse Gamer,150.0,86,231,1
2025-09-28,Mouse Gamer,150.0,83,199,1
2025-09-29,Mouse Gamer,150.0,48,71,0
2025-09-30,Mouse Gamer,150.0,62,141,0
2025-10-01,Mouse Gamer,150.0,61,182,0
2025-10-02,Mouse Gamer,150.0,55,140,0
2025-10-03,Mouse Gamer,150.0,81,113,1
2025-10-04,Mouse Gamer,150.0,80,189,1
2025-10-05,Mouse Gamer,150.0,87,241,1
2025-10-06,Mouse Gamer,150.0,56,99,0
2025-10-07,Mouse Gamer,150.0,56,97,0
2025-10-08,Mouse Gamer,150.0,62,146,0
2025-10-09,Mouse Gamer,150.0,63,144,0
2025-10-10,Mouse Gamer,150.0,75,166,1
2025-10-11,Mouse Gamer,150.0,87,197,1
2025-10-12,Mouse Gamer,150.0,72,157,1
2025-10-13,Mouse Gamer,150.0,56,126,0
2025-10-14,Mouse Gamer,150.0,57,85,0
2025-10-15,Mouse Gamer,150.0,63,132,0
2025-10-16,Mouse Gamer,150.0,61,132,0
2025-10-17,Mouse Gamer,150.0,75,154,1
2025-10-18,Mouse Gamer,150.0,84,160,1
2025-10-19,Mouse Gamer,150.0,91,226,1
2025-10-20,Mouse Gamer,150.0,59,126,0
2025-10-21,Mouse Gamer,150.0,56,157,0
2025-10-22,Mouse Gamer,150.0,63,83,0
2025-10-23,Mouse Gamer,150.0,58,109,0
2025-10-24,Mouse Gamer,150.0,85,132,1
2025-10-25,Mouse Gamer,150.0,76,113,1
2025-10-26,Mouse Gamer,150.0,82,189,1
2025-10-27,Mouse Gamer,150.0,67,192,0
2025-10-28,Mouse Gamer,150.0,58,125,0
2025-10-29,Mouse Gamer,150.0,53,132,0
2025-10-30,Mouse Gamer,150.0,58,111,0
2025-10-31,Mouse Gamer,150.0,77,211,1
2025-11-01,Mouse Gamer,150.0,83,219,1
2025-11-02,Mouse Gamer,150.0,80,210,1
2025-11-03,Mouse Gamer,150.0,53,81,0
2025-11-04,Mouse Gamer,150.0,56,75,0
2025-11-05,Mouse Gamer,150.0,61,162,0
2025-11-06,Mouse Gamer,150.0,59,82,0
2025-11-07,Mouse Gamer,150.0,71,85,1
2025-11-08,Mouse Gamer,150.0,84,190,1
2025-11-09,Mouse Gamer,150.0,94,247,1
2025-11-10,Mouse Gamer,150.0,52,96,0
2025-11-11,Mouse Gamer,150.0,59,167,0
2025-11-12,Mouse Gamer,150.0,59,97,0
2025-11-13,Mouse Gamer,150.0,65,113,0
2025-11-14,Mouse Gamer,150.0,86,207,1
2025-11-15,Mouse Gamer,150.0,85,225,1
2025-11-16,Mouse Gamer,150.0,80,157,1
2025-11-17,Mouse Gamer,150.0,59,87,0
2025-11-18,Mouse Gamer,150.0,60,123,0
2025-11-19,Mouse Gamer,150.0,55,119,0
2025-11-20,Mouse Gamer,150.0,54,87,0
2025-11-21,Mouse Gamer,150.0,78,122,1
2025-11-22,Mouse Gamer,150.0,76,177,1
2025-11-23,Mouse Gamer,150.0,86,112,1
2025-11-24,Mouse Gamer,150.0,55,125,0
2025-11-25,Mouse Gamer,150.0,54,130,0
2025-11-26,Mouse Gamer,150.0,48,120,0
2025-11-27,Mouse Gamer,150.0,47,57,0
2025-11-28,Mouse Gamer,150.0,88,201,1
2025-11-29,Mouse Gamer,150.0,80,144,1
2025-11-30,Mouse Gamer,150.0,84,140,1
2025-12-01,Mouse Gamer,150.0,58,136,0
2025-12-02,Mouse Gamer,150.0,49,91,0
2025-12-03,Mouse Gamer,150.0,65,118,0
2025-12-04,Mouse Gamer,150.0,52,140,0
2025-12-05,Mouse Gamer,150.0,93,223,1
2025-12-06,Mouse Gamer,150.0,84,141,1
2025-12-07,Mouse Gamer,150.0,80,181,1
2025-12-08,Mouse Gamer,150.0,52,105,0
2025-12-09,Mouse Gamer,150.0,61,94,0
2025-12-10,Mouse Gamer,150.0,56,103,0
2025-12-11,Mouse Gamer,150.0,54,161,0
2025-12-12,Mouse Gamer,150.0,73,163,1
2025-12-13,Mouse Gamer,150.0,80,108,1
2025-12-14,Mouse Gamer,150.0,83,212,1
2025-12-15,Mouse Gamer,150.0,59,88,0
2025-12-16,Mouse Gamer,150.0,49,131,0
2025-12-17,Mouse Gamer,150.0,48,57,0
2025-12-18,Mouse Gamer,150.0,45,63,0
2025-12-19,Mouse Gamer,150.0,80,236,1
2025-12-20,Mouse Gamer,150.0,79,190,1
2025-12-21,Mouse Gamer,150.0,87,118,1
2025-12-22,Mouse Gamer,150.0,61,168,0
2025-12-23,Mouse Gamer,150.0,54,123,0
2025-12-24,Mouse Gamer,150.0,51,66,0
2025-12-25,Mouse Gamer,150.0,57,80,0
2025-12-26,Mouse Gamer,150.0,79,148,1
2025-12-27,Mouse Gamer,150.0,77,140,1
2025-12-28,Mouse Gamer,150.0,83,222,1
2025-12-29,Mouse Gamer,150.0,49,83,0
2025-12-30,Mouse Gamer,150.0,59,131,0
2025-12-31,Mouse Gamer,150.0,54,119,0
2025-01-01,Monitor 144Hz,1200.0,25,69,0
2025-01-02,Monitor 144Hz,1200.0,33,91,0
2025-01-03,Monitor 144Hz,1200.0,43,75,1
2025-01-04,Monitor 144Hz,1200.0,43,57,1
2025-01-05,Monitor 144Hz,1200.0,34,83,1
2025-01-06,Monitor 144Hz,1200.0,26,47,0
2025-01-07,Monitor 144Hz,1200.0,28,75,0
2025-01-08,Monitor 144Hz,1200.0,28,40,0
2025-01-09,Monitor 144Hz,1200.0,40,103,0
2025-01-10,Monitor 144Hz,1200.0,38,57,1
2025-01-11,Monitor 144Hz,1200.0,27,39,1
2025-01-12,Monitor 144Hz,1200.0,40,74,1
2025-01-13,Monitor 144Hz,1200.0,30,59,0
2025-01-14,Monitor 144Hz,1200.0,28,49,0
2025-01-15,Monitor 144Hz,1200.0,13,18,0
2025-01-16,Monitor 144Hz,1200.0,29,68,0
2025-01-17,Monitor 144Hz,1200.0,43,101,1
2025-01-18,Monitor 144Hz,1200.0,33,48,1
2025-01-19,Monitor 144Hz,1200.0,36,107,1
2025-01-20,Monitor 144Hz,1200.0,27,35,0
2025-01-21,Monitor 144Hz,1200.0,25,35,0
2025-01-22,Monitor 144Hz,1200.0,25,43,0
2025-01-23,Monitor 144Hz,1200.0,29,38,0
2025-01-24,Monitor 144Hz,1200.0,37,78,1
2025-01-25,Monitor 144Hz,1200.0,32,74,1
2025-01-26,Monitor 144Hz,1200.0,44,94,1
2025-01-27,Monitor 144Hz,1200.0,22,61,0
2025-01-28,Monitor 144Hz,1200.0,26,52,0
2025-01-29,Monitor 144Hz,1200.0,25,48,0
2025-01-30,Monitor 144Hz,1200.0,22,59,0
2025-01-31,Monitor 144Hz,1200.0,44,53,1
2025-02-01,Monitor 144Hz,1200.0,44,85,1
2025-02-02,Monitor 144Hz,1200.0,38,63,1
2025-02-03,Monitor 144Hz,1200.0,27,69,0
2025-02-04,Monitor 144Hz,1200.0,28,44,0
2025-02-05,Monitor 144Hz,1200.0,22,26,0
2025-02-06,Monitor 144Hz,1200.0,22,48,0
2025-02-07,Monitor 144Hz,1200.0,40,80,1
2025-02-08,Monitor 144Hz,1200.0,34,60,1
2025-02-09,Monitor 144Hz,1200.0,40,101,1
2025-02-10,Monitor 144Hz,1200.0,16,30,0
2025-02-11,Monitor 144Hz,1200.0,25,50,0
2025-02-12,Monitor 144Hz,1200.0,29,84,0
2025-02-13,Monitor 144Hz,1200.0,28,73,0
2025-02-14,Monitor 144Hz,1200.0,46,91,1
2025-02-15,Monitor 144Hz,1200.0,34,56,1
2025-02-16,Monitor 144Hz,1200.0,39,91,1
2025-02-17,Monitor 144Hz,1200.0,32,76,0
2025-02-18,Monitor 144Hz,1200.0,29,66,0
2025-02-19,Monitor 144Hz,1200.0,31,40,0
2025-02-20,Monitor 144Hz,1200.0,21,53,0
2025-02-21,Monitor 144Hz,1200.0,40,84,1
2025-02-22,Monitor 144Hz,1200.0,39,52,1
2025-02-23,Monitor 144Hz,1200.0,40,99,1
2025-02-24,Monitor 144Hz,1200.0,23,39,0
2025-02-25,Monitor 144Hz,1200.0,34,62,0
2025-02-26,Monitor 144Hz,1200.0,31,47,0
2025-02-27,Monitor 144Hz,1200.0,33,49,0
2025-02-28,Monitor 144Hz,1200.0,41,105,1
2025-03-01,Monitor 144Hz,1200.0,36,60,1
2025-03-02,Monitor 144Hz,1200.0,43,81,1
2025-03-03,Monitor 144Hz,1200.0,34,53,0
2025-03-04,Monitor 144Hz,1200.0,29,75,0
2025-03-05,Monitor 144Hz,1200.0,23,54,0
2025-03-06,Monitor 144Hz,1200.0,24,70,0
2025-03-07,Monitor 144Hz,1200.0,40,105,1
2025-03-08,Monitor 144Hz,1200.0,47,119,1
2025-03-09,Monitor 144Hz,1200.0,49,130,1
2025-03-10,Monitor 144Hz,1200.0,23,41,0
2025-03-11,Monitor 144Hz,1200.0,29,83,0
2025-03-12,Monitor 144Hz,1200.0,24,47,0
2025-03-13,Monitor 144Hz,1200.0,21,41,0
2025-03-14,Monitor 144Hz,1200.0,43,70,1
2025-03-15,Monitor 144Hz,1200.0,41,58,1
2025-03-16,Monitor 144Hz,1200.0,41,96,1
2025-03-17,Monitor 144Hz,1200.0,27,46,0
2025-03-18,Monitor 144Hz,1200.0,29,78,0
2025-03-19,Monitor 144Hz,1200.0,29,82,0
2025-03-20,Monitor 144Hz,1200.0,32,64,0
2025-03-21,Monitor 144Hz,1200.0,36,97,1
2025-03-22,Monitor 144Hz,1200.0,44,104,1
2025-03-23,Monitor 144Hz,1200.0,43,65,1
2025-03-24,Monitor 144Hz,1200.0,29,83,0
2025-03-25,Monitor 144Hz,1200.0,28,35,0
2025-03-26,Monitor 144Hz,1200.0,27,67,0
2025-03-27,Monitor 144Hz,1200.0,27,72,0
2025-03-28,Monitor 144Hz,1200.0,40,108,1
2025-03-29,Monitor 144Hz,1200.0,32,80,1
2025-03-30,Monitor 144Hz,1200.0,51,107,1
2025-03-31,Monitor 144Hz,1200.0,33,57,0
2025-04-01,Monitor 144Hz,1200.0,36,99,0
2025-04-02,Monitor 144Hz,1200.0,31,72,0
2025-04-03,Monitor 144Hz,1200.0,24,48,0
2025-04-04,Monitor 144Hz,1200.0,42,51,1
2025-04-05,Monitor 144Hz,1200.0,44,131,1
2025-04-06,Monitor 144Hz,1200.0,35,48,1
2025-04-07,Monitor 144Hz,1200.0,34,53,0
2025-04-08,Monitor 144Hz,1200.0,25,54,0
2025-04-09,Monitor 144Hz,1200.0,31,47,0
2025-04-10,Monitor 144Hz,1200.0,35,64,0
2025-04-11,Monitor 144Hz,1200.0,41,49,1
2025-04-12,Monitor 144Hz,1200.0,47,120,1
2025-04-13,Monitor 144Hz,1200.0,33,48,1
2025-04-14,Monitor 144Hz,1200.0,22,38,0
2025-04-15,Monitor 144Hz,1200.0,23,57,0
2025-04-16,Monitor 144Hz,1200.0,17,47,0
2025-04-17,Monitor 144Hz,1200.0,19,36,0
2025-04-18,Monitor 144Hz,1200.0,47,115,1
2025-04-19,Monitor 144Hz,1200.0,46,62,1
2025-04-20,Monitor 144Hz,1200.0,37,83,1
2025-04-21,Monitor 144Hz,1200.0,38,50,0
2025-04-22,Monitor 144Hz,1200.0,26,58,0
2025-04-23,Monitor 144Hz,1200.0,37,84,0
2025-04-24,Monitor 144Hz,1200.0,37,89,0
2025-04-25,Monitor 144Hz,1200.0,37,99,1
2025-04-26,Monitor 144Hz,1200.0,44,92,1
2025-04-27,Monitor 144Hz,1200.0,45,111,1
2025-04-28,Monitor 144Hz,1200.0,24,62,0
2025-04-29,Monitor 144Hz,1200.0,14,20,0
2025-04-30,Monitor 144Hz,1200.0,31,55,0
2025-05-01,Monitor 144Hz,1200.0,23,36,0
2025-05-02,Monitor 144Hz,1200.0,39,88,1
2025-05-03,Monitor 144Hz,1200.0,41,80,1
2025-05-04,Monitor 144Hz,1200.0,43,100,1
2025-05-05,Monitor 144Hz,1200.0,26,50,0
2025-05-06,Monitor 144Hz,1200.0,29,78,0
2025-05-07,Monitor 144Hz,1200.0,33,74,0
2025-05-08,Monitor 144Hz,1200.0,18,27,0
2025-05-09,Monitor 144Hz,1200.0,33,41,1
2025-05-10,Monitor 144Hz,1200.0,34,42,1
2025-05-11,Monitor 144Hz,1200.0,37,78,1
2025-05-12,Monitor 144Hz,1200.0,31,53,0
2025-05-13,Monitor 144Hz,1200.0,33,89,0
2025-05-14,Monitor 144Hz,1200.0,26,39,0
2025-05-15,Monitor 144Hz,1200.0,26,53,0
2025-05-16,Monitor 144Hz,1200.0,47,67,1
2025-05-17,Monitor 144Hz,1200.0,41,85,1
2025-05-18,Monitor 144Hz,1200.0,38,75,1
2025-05-19,Monitor 144Hz,1200.0,32,47,0
2025-05-20,Monitor 144Hz,1200.0,31,71,0
2025-05-21,Monitor 144Hz,1200.0,29,69,0
2025-05-22,Monitor 144Hz,1200.0,25,73,0
2025-05-23,Monitor 144Hz,1200.0,35,57,1
2025-05-24,Monitor 144Hz,1200.0,35,99,1
2025-05-25,Monitor 144Hz,1200.0,36,92,1
2025-05-26,Monitor 144Hz,1200.0,23,46,0
2025-05-27,Monitor 144Hz,1200.0,25,32,0
2025-05-28,Monitor 144Hz,1200.0,27,76,0
2025-05-29,Monitor 144Hz,1200.0,28,54,0
2025-05-30,Monitor 144Hz,1200.0,34,62,1
2025-05-31,Monitor 144Hz,1200.0,41,90,1
2025-06-01,Monitor 144Hz,1200.0,40,115,1
2025-06-02,Monitor 144Hz,1200.0,27,45,0
2025-06-03,Monitor 144Hz,1200.0,24,60,0
2025-06-04,Monitor 144Hz,1200.0,22,48,0
2025-06-05,Monitor 144Hz,1200.0,30,61,0
2025-06-06,Monitor 144Hz,1200.0,40,73,1
2025-06-07,Monitor 144Hz,1200.0,42,59,1
2025-06-08,Monitor 144Hz,1200.0,38,62,1
2025-06-09,Monitor 144Hz,1200.0,25,68,0
2025-06-10,Monitor 144Hz,1200.0,32,45,0
2025-06-11,Monitor 144Hz,1200.0,41,112,0
2025-06-12,Monitor 144Hz,1200.0,26,64,0
2025-06-13,Monitor 144Hz,1200.0,41,89,1
2025-06-14,Monitor 144Hz,1200.0,39,80,1
2025-06-15,Monitor 144Hz,1200.0,36,53,1
2025-06-16,Monitor 144Hz,1200.0,25,48,0
2025-06-17,Monitor 144Hz,1200.0,37,87,0
2025-06-18,Monitor 144Hz,1200.0,24,50,0
2025-06-19,Monitor 144Hz,1200.0,28,74,0
2025-06-20,Monitor 144Hz,1200.0,37,96,1
2025-06-21,Monitor 144Hz,1200.0,40,62,1
2025-06-22,Monitor 144Hz,1200.0,36,64,1
2025-06-23,Monitor 144Hz,1200.0,25,64,0
2025-06-24,Monitor 144Hz,1200.0,20,55,0
2025-06-25,Monitor 144Hz,1200.0,28,77,0
2025-06-26,Monitor 144Hz,1200.0,26,52,0
2025-06-27,Monitor 144Hz,1200.0,42,124,1
2025-06-28,Monitor 144Hz,1200.0,39,110,1
2025-06-29,Monitor 144Hz,1200.0,36,78,1
2025-06-30,Monitor 144Hz,1200.0,23,54,0
2025-07-01,Monitor 144Hz,1200.0,27,72,0
2025-07-02,Monitor 144Hz,1200.0,34,99,0
2025-07-03,Monitor 144Hz,1200.0,25,39,0
2025-07-04,Monitor 144Hz,1200.0,31,81,1
2025-07-05,Monitor 144Hz,1200.0,41,91,1
2025-07-06,Monitor 144Hz,1200.0,46,87,1
2025-07-07,Monitor 144Hz,1200.0,30,85,0
2025-07-08,Monitor 144Hz,1200.0,21,51,0
2025-07-09,Monitor 144Hz,1200.0,28,73,0
2025-07-10,Monitor 144Hz,1200.0,32,90,0
2025-07-11,Monitor 144Hz,1200.0,38,64,1
2025-07-12,Monitor 144Hz,1200.0,37,103,1
2025-07-13,Monitor 144Hz,1200.0,37,87,1
2025-07-14,Monitor 144Hz,1200.0,26,59,0
2025-07-15,Monitor 144Hz,1200.0,22,29,0
2025-07-16,Monitor 144Hz,1200.0,28,59,0
2025-07-17,Monitor 144Hz,1200.0,29,85,0
2025-07-18,Monitor 144Hz,1200.0,41,98,1
2025-07-19,Monitor 144Hz,1200.0,40,93,1
2025-07-20,Monitor 144Hz,1200.0,34,41,1
2025-07-21,Monitor 144Hz,1200.0,26,57,0
2025-07-22,Monitor 144Hz,1200.0,36,100,0
2025-07-23,Monitor 144Hz,1200.0,29,38,0
2025-07-24,Monitor 144Hz,1200.0,23,63,0
2025-07-25,Monitor 144Hz,1200.0,43,114,1
2025-07-26,Monitor 144Hz,1200.0,49,86,1
2025-07-27,Monitor 144Hz,1200.0,42,86,1
2025-07-28,Monitor 144Hz,1200.0,27,49,0
2025-07-29,Monitor 144Hz,1200.0,34,71,0
2025-07-30,Monitor 144Hz,1200.0,25,37,0
2025-07-31,Monitor 144Hz,1200.0,32,79,0
2025-08-01,Monitor 144Hz,1200.0,37,67,1
2025-08-02,Monitor 144Hz,1200.0,38,76,1
2025-08-03,Monitor 144Hz,1200.0,44,101,1
2025-08-04,Monitor 144Hz,1200.0,34,62,0
2025-08-05,Monitor 144Hz,1200.0,27,79,0
2025-08-06,Monitor 144Hz,1200.0,34,79,0
2025-08-07,Monitor 144Hz,1200.0,29,51,0
2025-08-08,Monitor 144Hz,1200.0,36,87,1
2025-08-09,Monitor 144Hz,1200.0,38,102,1
2025-08-10,Monitor 144Hz,1200.0,42,71,1
2025-08-11,Monitor 144Hz,1200.0,34,72,0
2025-08-12,Monitor 144Hz,1200.0,32,55,0
2025-08-13,Monitor 144Hz,1200.0,33,95,0
2025-08-14,Monitor 144Hz,1200.0,21,58,0
2025-08-15,Monitor 144Hz,1200.0,43,103,1
2025-08-16,Monitor 144Hz,1200.0,43,71,1
2025-08-17,Monitor 144Hz,1200.0,41,90,1
2025-08-18,Monitor 144Hz,1200.0,31,43,0
2025-08-19,Monitor 144Hz,1200.0,19,52,0
2025-08-20,Monitor 144Hz,1200.0,16,34,0
2025-08-21,Monitor 144Hz,1200.0,29,40,0
2025-08-22,Monitor 144Hz,1200.0,39,76,1
2025-08-23,Monitor 144Hz,1200.0,39,107,1
2025-08-24,Monitor 144Hz,1200.0,42,72,1
2025-08-25,Monitor 144Hz,1200.0,28,74,0
2025-08-26,Monitor 144Hz,1200.0,29,35,0
2025-08-27,Monitor 144Hz,1200.0,32,54,0
2025-08-28,Monitor 144Hz,1200.0,25,69,0
2025-08-29,Monitor 144Hz,1200.0,41,89,1
2025-08-30,Monitor 144Hz,1200.0,37,50,1
2025-08-31,Monitor 144Hz,1200.0,30,68,1
2025-09-01,Monitor 144Hz,1200.0,26,45,0
2025-09-02,Monitor 144Hz,1200.0,33,42,0
2025-09-03,Monitor 144Hz,1200.0,23,64,0
2025-09-04,Monitor 144Hz,1200.0,30,68,0
2025-09-05,Monitor 144Hz,1200.0,44,123,1
2025-09-06,Monitor 144Hz,1200.0,43,54,1
2025-09-07,Monitor 144Hz,1200.0,37,83,1
2025-09-08,Monitor 144Hz,1200.0,24,64,0
2025-09-09,Monitor 144Hz,1200.0,28,63,0
2025-09-10,Monitor 144Hz,1200.0,29,78,0
2025-09-11,Monitor 144Hz,1200.0,31,86,0
2025-09-12,Monitor 144Hz,1200.0,43,84,1
2025-09-13,Monitor 144Hz,1200.0,53,93,1
2025-09-14,Monitor 144Hz,1200.0,47,107,1
2025-09-15,Monitor 144Hz,1200.0,26,72,0
2025-09-16,Monitor 144Hz,1200.0,38,88,0
2025-09-17,Monitor 144Hz,1200.0,22,49,0
2025-09-18,Monitor 144Hz,1200.0,22,46,0
2025-09-19,Monitor 144Hz,1200.0,44,61,1
2025-09-20,Monitor 144Hz,1200.0,39,92,1
2025-09-21,Monitor 144Hz,1200.0,28,81,1
2025-09-22,Monitor 144Hz,1200.0,35,73,0
2025-09-23,Monitor 144Hz,1200.0,30,70,0
2025-09-24,Monitor 144Hz,1200.0,27,49,0
2025-09-25,Monitor 144Hz,1200.0,26,53,0
2025-09-26,Monitor 144Hz,1200.0,39,60,1
2025-09-27,Monitor 144Hz,1200.0,29,66,1
2025-09-28,Monitor 144Hz,1200.0,35,74,1
2025-09-29,Monitor 144Hz,1200.0,24,29,0
2025-09-30,Monitor 144Hz,1200.0,33,73,0
2025-10-01,Monitor 144Hz,1200.0,25,53,0
2025-10-02,Monitor 144Hz,1200.0,29,55,0
2025-10-03,Monitor 144Hz,1200.0,39,52,1
2025-10-04,Monitor 144Hz,1200.0,35,63,1
2025-10-05,Monitor 144Hz,1200.0,41,86,1
2025-10-06,Monitor 144Hz,1200.0,27,66,0
2025-10-07,Monitor 144Hz,1200.0,33,98,0
2025-10-08,Monitor 144Hz,1200.0,25,47,0
2025-10-09,Monitor 144Hz,1200.0,24,47,0
2025-10-10,Monitor 144Hz,1200.0,44,109,1
2025-10-11,Monitor 144Hz,1200.0,39,89,1
2025-10-12,Monitor 144Hz,1200.0,44,128,1
2025-10-13,Monitor 144Hz,1200.0,25,66,0
2025-10-14,Monitor 144Hz,1200.0,28,68,0
2025-10-15,Monitor 144Hz,1200.0,24,33,0
2025-10-16,Monitor 144Hz,1200.0,23,42,0
2025-10-17,Monitor 144Hz,1200.0,29,41,1
2025-10-18,Monitor 144Hz,1200.0,47,62,1
2025-10-19,Monitor 144Hz,1200.0,37,49,1
2025-10-20,Monitor 144Hz,1200.0,30,72,0
2025-10-21,Monitor 144Hz,1200.0,27,65,0
2025-10-22,Monitor 144Hz,1200.0,33,40,0
2025-10-23,Monitor 144Hz,1200.0,19,44,0
2025-10-24,Monitor 144Hz,1200.0,41,113,1
2025-10-25,Monitor 144Hz,1200.0,44,110,1
2025-10-26,Monitor 144Hz,1200.0,40,58,1
2025-10-27,Monitor 144Hz,1200.0,24,29,0
2025-10-28,Monitor 144Hz,1200.0,19,39,0
2025-10-29,Monitor 144Hz,1200.0,24,53,0
2025-10-30,Monitor 144Hz,1200.0,18,45,0
2025-10-31,Monitor 144Hz,1200.0,43,102,1
2025-11-01,Monitor 144Hz,1200.0,42,82,1
2025-11-02,Monitor 144Hz,1200.0,44,106,1
2025-11-03,Monitor 144Hz,1200.0,23,60,0
2025-11-04,Monitor 144Hz,1200.0,22,44,0
2025-11-05,Monitor 144Hz,1200.0,30,82,0
2025-11-06,Monitor 144Hz,1200.0,30,85,0
2025-11-07,Monitor 144Hz,1200.0,31,69,1
2025-11-08,Monitor 144Hz,1200.0,36,67,1
2025-11-09,Monitor 144Hz,1200.0,48,117,1
2025-11-10,Monitor 144Hz,1200.0,31,58,0
2025-11-11,Monitor 144Hz,1200.0,26,37,0
2025-11-12,Monitor 144Hz,1200.0,21,58,0
2025-11-13,Monitor 144Hz,1200.0,23,28,0
2025-11-14,Monitor 144Hz,1200.0,38,89,1
2025-11-15,Monitor 144Hz,1200.0,33,43,1
2025-11-16,Monitor 144Hz,1200.0,46,89,1
2025-11-17,Monitor 144Hz,1200.0,33,75,0
2025-11-18,Monitor 144Hz,1200.0,21,38,0
2025-11-19,Monitor 144Hz,1200.0,37,53,0
2025-11-20,Monitor 144Hz,1200.0,25,51,0
2025-11-21,Monitor 144Hz,1200.0,40,117,1
2025-11-22,Monitor 144Hz,1200.0,37,69,1
2025-11-23,Monitor 144Hz,1200.0,34,42,1
2025-11-24,Monitor 144Hz,1200.0,26,66,0
2025-11-25,Monitor 144Hz,1200.0,18,50,0
2025-11-26,Monitor 144Hz,1200.0,26,36,0
2025-11-27,Monitor 144Hz,1200.0,27,75,0
2025-11-28,Monitor 144Hz,1200.0,41,93,1
2025-11-29,Monitor 144Hz,1200.0,32,58,1
2025-11-30,Monitor 144Hz,1200.0,32,69,1
2025-12-01,Monitor 144Hz,1200.0,28,60,0
2025-12-02,Monitor 144Hz,1200.0,21,53,0
2025-12-03,Monitor 144Hz,1200.0,26,45,0
2025-12-04,Monitor 144Hz,1200.0,34,56,0
2025-12-05,Monitor 144Hz,1200.0,33,97,1
2025-12-06,Monitor 144Hz,1200.0,35,77,1
2025-12-07,Monitor 144Hz,1200.0,45,65,1
2025-12-08,Monitor 144Hz,1200.0,18,35,0
2025-12-09,Monitor 144Hz,1200.0,26,50,0
2025-12-10,Monitor 144Hz,1200.0,39,116,0
2025-12-11,Monitor 144Hz,1200.0,29,64,0
2025-12-12,Monitor 144Hz,1200.0,44,101,1
2025-12-13,Monitor 144Hz,1200.0,38,48,1
2025-12-14,Monitor 144Hz,1200.0,33,67,1
2025-12-15,Monitor 144Hz,1200.0,20,58,0
2025-12-16,Monitor 144Hz,1200.0,29,82,0
2025-12-17,Monitor 144Hz,1200.0,29,80,0
2025-12-18,Monitor 144Hz,1200.0,36,51,0
2025-12-19,Monitor 144Hz,1200.0,38,99,1
2025-12-20,Monitor 144Hz,1200.0,41,69,1
2025-12-21,Monitor 144Hz,1200.0,39,115,1
2025-12-22,Monitor 144Hz,1200.0,22,45,0
2025-12-23,Monitor 144Hz,1200.0,29,54,0
2025-12-24,Monitor 144Hz,1200.0,33,56,0
2025-12-25,Monitor 144Hz,1200.0,31,58,0
2025-12-26,Monitor 144Hz,1200.0,36,76,1
2025-12-27,Monitor 144Hz,1200.0,53,146,1
2025-12-28,Monitor 144Hz,1200.0,38,112,1
2025-12-29,Monitor 144Hz,1200.0,33,85,0
2025-12-30,Monitor 144Hz,1200.0,26,58,0
2025-12-31,Monitor 144Hz,1200.0,33,92,0
2025-01-01,Headset HyperX,350.0,33,58,0
2025-01-02,Headset HyperX,350.0,38,109,0
2025-01-03,Headset HyperX,350.0,53,66,1
2025-01-04,Headset HyperX,350.0,49,114,1
2025-01-05,Headset HyperX,350.0,54,127,1
2025-01-06,Headset HyperX,350.0,31,78,0
2025-01-07,Headset HyperX,350.0,39,83,0
2025-01-08,Headset HyperX,350.0,33,77,0
2025-01-09,Headset HyperX,350.0,32,42,0
2025-01-10,Headset HyperX,350.0,51,142,1
2025-01-11,Headset HyperX,350.0,51,125,1
2025-01-12,Headset HyperX,350.0,48,120,1
2025-01-13,Headset HyperX,350.0,29,49,0
2025-01-14,Headset HyperX,350.0,36,84,0
2025-01-15,Headset HyperX,350.0,24,53,0
2025-01-16,Headset HyperX,350.0,30,81,0
2025-01-17,Headset HyperX,350.0,51,83,1
2025-01-18,Headset HyperX,350.0,43,106,1
2025-01-19,Headset HyperX,350.0,49,117,1
2025-01-20,Headset HyperX,350.0,36,69,0
2025-01-21,Headset HyperX,350.0,32,55,0
2025-01-22,Headset HyperX,350.0,31,38,0
2025-01-23,Headset HyperX,350.0,30,67,0
2025-01-24,Headset HyperX,350.0,50,79,1
2025-01-25,Headset HyperX,350.0,55,69,1
2025-01-26,Headset HyperX,350.0,47,120,1
2025-01-27,Headset HyperX,350.0,27,41,0
2025-01-28,Headset HyperX,350.0,37,74,0
2025-01-29,Headset HyperX,350.0,36,96,0
2025-01-30,Headset HyperX,350.0,44,94,0
2025-01-31,Headset HyperX,350.0,53,107,1
2025-02-01,Headset HyperX,350.0,45,77,1
2025-02-02,Headset HyperX,350.0,44,97,1
2025-02-03,Headset HyperX,350.0,30,44,0
2025-02-04,Headset HyperX,350.0,41,114,0
2025-02-05,Headset HyperX,350.0,36,60,0
2025-02-06,Headset HyperX,350.0,38,73,0
2025-02-07,Headset HyperX,350.0,52,117,1
2025-02-08,Headset HyperX,350.0,54,151,1
2025-02-09,Headset HyperX,350.0,44,79,1
2025-02-10,Headset HyperX,350.0,46,133,0
2025-02-11,Headset HyperX,350.0,33,73,0
2025-02-12,Headset HyperX,350.0,34,93,0
2025-02-13,Headset HyperX,350.0,38,110,0
2025-02-14,Headset HyperX,350.0,50,98,1
2025-02-15,Headset HyperX,350.0,52,125,1
2025-02-16,Headset HyperX,350.0,48,67,1
2025-02-17,Headset HyperX,350.0,34,97,0
2025-02-18,Headset HyperX,350.0,31,84,0
2025-02-19,Headset HyperX,350.0,29,48,0
2025-02-20,Headset HyperX,350.0,36,99,0
2025-02-21,Headset HyperX,350.0,46,65,1
2025-02-22,Headset HyperX,350.0,45,108,1
2025-02-23,Headset HyperX,350.0,60,179,1
2025-02-24,Headset HyperX,350.0,32,44,0
2025-02-25,Headset HyperX,350.0,22,60,0
2025-02-26,Headset HyperX,350.0,34,69,0
2025-02-27,Headset HyperX,350.0,35,90,0
2025-02-28,Headset HyperX,350.0,45,54,1
2025-03-01,Headset HyperX,350.0,47,103,1
2025-03-02,Headset HyperX,350.0,51,99,1
2025-03-03,Headset HyperX,350.0,30,82,0
2025-03-04,Headset HyperX,350.0,41,103,0
2025-03-05,Headset HyperX,350.0,39,99,0
2025-03-06,Headset HyperX,350.0,37,46,0
2025-03-07,Headset HyperX,350.0,52,74,1
2025-03-08,Headset HyperX,350.0,48,121,1
2025-03-09,Headset HyperX,350.0,47,105,1
2025-03-10,Headset HyperX,350.0,44,59,0
2025-03-11,Headset HyperX,350.0,34,91,0
2025-03-12,Headset HyperX,350.0,32,83,0
2025-03-13,Headset HyperX,350.0,29,70,0
2025-03-14,Headset HyperX,350.0,49,80,1
2025-03-15,Headset HyperX,350.0,50,62,1
2025-03-16,Headset HyperX,350.0,49,123,1
2025-03-17,Headset HyperX,350.0,37,62,0
2025-03-18,Headset HyperX,350.0,32,80,0
2025-03-19,Headset HyperX,350.0,41,82,0
2025-03-20,Headset HyperX,350.0,31,52,0
2025-03-21,Headset HyperX,350.0,47,128,1
2025-03-22,Headset HyperX,350.0,47,105,1
2025-03-23,Headset HyperX,350.0,48,89,1
2025-03-24,Headset HyperX,350.0,30,45,0
2025-03-25,Headset HyperX,350.0,24,43,0
2025-03-26,Headset HyperX,350.0,30,75,0
2025-03-27,Headset HyperX,350.0,37,82,0
2025-03-28,Headset HyperX,350.0,43,95,1
2025-03-29,Headset HyperX,350.0,52,144,1
2025-03-30,Headset HyperX,350.0,59,142,1
2025-03-31,Headset HyperX,350.0,40,91,0
2025-04-01,Headset HyperX,350.0,35,60,0
2025-04-02,Headset HyperX,350.0,31,87,0
2025-04-03,Headset HyperX,350.0,32,79,0
2025-04-04,Headset HyperX,350.0,50,102,1
2025-04-05,Headset HyperX,350.0,52,67,1
2025-04-06,Headset HyperX,350.0,53,158,1
2025-04-07,Headset HyperX,350.0,43,70,0
2025-04-08,Headset HyperX,350.0,44,103,0
2025-04-09,Headset HyperX,350.0,36,79,0
2025-04-10,Headset HyperX,350.0,30,75,0
2025-04-11,Headset HyperX,350.0,52,120,1
2025-04-12,Headset HyperX,350.0,43,127,1
2025-04-13,Headset HyperX,350.0,44,94,1
2025-04-14,Headset HyperX,350.0,39,113,0
2025-04-15,Headset HyperX,350.0,36,65,0
2025-04-16,Headset HyperX,350.0,35,45,0
2025-04-17,Headset HyperX,350.0,42,102,0
2025-04-18,Headset HyperX,350.0,51,106,1
2025-04-19,Headset HyperX,350.0,50,80,1
2025-04-20,Headset HyperX,350.0,48,83,1
2025-04-21,Headset HyperX,350.0,31,79,0
2025-04-22,Headset HyperX,350.0,36,105,0
2025-04-23,Headset HyperX,350.0,33,76,0
2025-04-24,Headset HyperX,350.0,27,54,0
2025-04-25,Headset HyperX,350.0,50,110,1
2025-04-26,Headset HyperX,350.0,49,137,1
2025-04-27,Headset HyperX,350.0,55,132,1
2025-04-28,Headset HyperX,350.0,22,52,0
2025-04-29,Headset HyperX,350.0,37,51,0
2025-04-30,Headset HyperX,350.0,34,65,0
2025-05-01,Headset HyperX,350.0,45,131,0
2025-05-02,Headset HyperX,350.0,41,83,1
2025-05-03,Headset HyperX,350.0,50,142,1
2025-05-04,Headset HyperX,350.0,46,56,1
2025-05-05,Headset HyperX,350.0,31,37,0
2025-05-06,Headset HyperX,350.0,36,66,0
2025-05-07,Headset HyperX,350.0,37,90,0
2025-05-08,Headset HyperX,350.0,36,105,0
2025-05-09,Headset HyperX,350.0,48,91,1
2025-05-10,Headset HyperX,350.0,51,89,1
2025-05-11,Headset HyperX,350.0,52,84,1
2025-05-12,Headset HyperX,350.0,41,120,0
2025-05-13,Headset HyperX,350.0,33,84,0
2025-05-14,Headset HyperX,350.0,35,94,0
2025-05-15,Headset HyperX,350.0,39,101,0
2025-05-16,Headset HyperX,350.0,53,140,1
2025-05-17,Headset HyperX,350.0,38,48,1
2025-05-18,Headset HyperX,350.0,46,97,1
2025-05-19,Headset HyperX,350.0,36,95,0
2025-05-20,Headset HyperX,350.0,29,55,0
2025-05-21,Headset HyperX,350.0,30,84,0
2025-05-22,Headset HyperX,350.0,34,72,0
2025-05-23,Headset HyperX,350.0,52,107,1
2025-05-24,Headset HyperX,350.0,45,56,1
2025-05-25,Headset HyperX,350.0,50,65,1
2025-05-26,Headset HyperX,350.0,25,57,0
2025-05-27,Headset HyperX,350.0,32,95,0
2025-05-28,Headset HyperX,350.0,40,77,0
2025-05-29,Headset HyperX,350.0,24,65,0
2025-05-30,Headset HyperX,350.0,51,82,1
2025-05-31,Headset HyperX,350.0,52,151,1
2025-06-01,Headset HyperX,350.0,51,81,1
2025-06-02,Headset HyperX,350.0,29,57,0
2025-06-03,Headset HyperX,350.0,36,70,0
2025-06-04,Headset HyperX,350.0,42,75,0
2025-06-05,Headset HyperX,350.0,33,65,0
2025-06-06,Headset HyperX,350.0,50,141,1
2025-06-07,Headset HyperX,350.0,47,120,1
2025-06-08,Headset HyperX,350.0,54,144,1
2025-06-09,Headset HyperX,350.0,34,53,0
2025-06-10,Headset HyperX,350.0,39,64,0
2025-06-11,Headset HyperX,350.0,37,46,0
2025-06-12,Headset HyperX,350.0,26,60,0
2025-06-13,Headset HyperX,350.0,42,116,1
2025-06-14,Headset HyperX,350.0,44,89,1
2025-06-15,Headset HyperX,350.0,46,123,1
2025-06-16,Headset HyperX,350.0,40,85,0
2025-06-17,Headset HyperX,350.0,31,53,0
2025-06-18,Headset HyperX,350.0,33,94,0
2025-06-19,Headset HyperX,350.0,38,81,0
2025-06-20,Headset HyperX,350.0,38,85,1
2025-06-21,Headset HyperX,350.0,48,120,1
2025-06-22,Headset HyperX,350.0,46,71,1
2025-06-23,Headset HyperX,350.0,39,50,0
2025-06-24,Headset HyperX,350.0,33,50,0
2025-06-25,Headset HyperX,350.0,39,91,0
2025-06-26,Headset HyperX,350.0,29,56,0
2025-06-27,Headset HyperX,350.0,52,146,1
2025-06-28,Headset HyperX,350.0,56,149,1
2025-06-29,Headset HyperX,350.0,45,64,1
2025-06-30,Headset HyperX,350.0,29,52,0
2025-07-01,Headset HyperX,350.0,37,80,0
2025-07-02,Headset HyperX,350.0,30,44,0
2025-07-03,Headset HyperX,350.0,27,69,0
2025-07-04,Headset HyperX,350.0,40,49,1
2025-07-05,Headset HyperX,350.0,50,84,1
2025-07-06,Headset HyperX,350.0,40,93,1
2025-07-07,Headset HyperX,350.0,22,63,0
2025-07-08,Headset HyperX,350.0,32,74,0
2025-07-09,Headset HyperX,350.0,35,91,0
2025-07-10,Headset HyperX,350.0,28,69,0
2025-07-11,Headset HyperX,350.0,43,65,1
2025-07-12,Headset HyperX,350.0,48,66,1
2025-07-13,Headset HyperX,350.0,48,68,1
2025-07-14,Headset HyperX,350.0,35,95,0
2025-07-15,Headset HyperX,350.0,33,42,0
2025-07-16,Headset HyperX,350.0,33,48,0
2025-07-17,Headset HyperX,350.0,37,54,0
2025-07-18,Headset HyperX,350.0,43,60,1
2025-07-19,Headset HyperX,350.0,53,105,1
2025-07-20,Headset HyperX,350.0,55,120,1
2025-07-21,Headset HyperX,350.0,33,69,0
2025-07-22,Headset HyperX,350.0,24,45,0
2025-07-23,Headset HyperX,350.0,32,84,0
2025-07-24,Headset HyperX,350.0,35,80,0
2025-07-25,Headset HyperX,350.0,49,121,1
2025-07-26,Headset HyperX,350.0,64,138,1
2025-07-27,Headset HyperX,350.0,37,64,1
2025-07-28,Headset HyperX,350.0,40,82,0
2025-07-29,Headset HyperX,350.0,36,95,0
2025-07-30,Headset HyperX,350.0,32,77,0
2025-07-31,Headset HyperX,350.0,26,69,0
2025-08-01,Headset HyperX,350.0,54,113,1
2025-08-02,Headset HyperX,350.0,48,138,1
2025-08-03,Headset HyperX,350.0,47,128,1
2025-08-04,Headset HyperX,350.0,34,55,0
2025-08-05,Headset HyperX,350.0,34,50,0
2025-08-06,Headset HyperX,350.0,28,54,0
2025-08-07,Headset HyperX,350.0,32,92,0
2025-08-08,Headset HyperX,350.0,54,123,1
2025-08-09,Headset HyperX,350.0,48,78,1
2025-08-10,Headset HyperX,350.0,46,82,1
2025-08-11,Headset HyperX,350.0,33,79,0
2025-08-12,Headset HyperX,350.0,35,91,0
2025-08-13,Headset HyperX,350.0,33,83,0
2025-08-14,Headset HyperX,350.0,35,91,0
2025-08-15,Headset HyperX,350.0,47,107,1
2025-08-16,Headset HyperX,350.0,49,144,1
2025-08-17,Headset HyperX,350.0,48,66,1
2025-08-18,Headset HyperX,350.0,36,79,0
2025-08-19,Headset HyperX,350.0,34,52,0
2025-08-20,Headset HyperX,350.0,27,57,0
2025-08-21,Headset HyperX,350.0,36,47,0
2025-08-22,Headset HyperX,350.0,51,129,1
2025-08-23,Headset HyperX,350.0,61,142,1
2025-08-24,Headset HyperX,350.0,58,84,1
2025-08-25,Headset HyperX,350.0,36,81,0
2025-08-26,Headset HyperX,350.0,33,80,0
2025-08-27,Headset HyperX,350.0,30,60,0
2025-08-28,Headset HyperX,350.0,34,80,0
2025-08-29,Headset HyperX,350.0,45,111,1
2025-08-30,Headset HyperX,350.0,54,108,1
2025-08-31,Headset HyperX,350.0,39,93,1
2025-09-01,Headset HyperX,350.0,38,62,0
2025-09-02,Headset HyperX,350.0,46,55,0
2025-09-03,Headset HyperX,350.0,44,69,0
2025-09-04,Headset HyperX,350.0,29,83,0
2025-09-05,Headset HyperX,350.0,42,54,1
2025-09-06,Headset HyperX,350.0,56,130,1
2025-09-07,Headset HyperX,350.0,52,113,1
2025-09-08,Headset HyperX,350.0,33,95,0
2025-09-09,Headset HyperX,350.0,37,85,0
2025-09-10,Headset HyperX,350.0,29,73,0
2025-09-11,Headset HyperX,350.0,37,77,0
2025-09-12,Headset HyperX,350.0,43,109,1
2025-09-13,Headset HyperX,350.0,53,71,1
2025-09-14,Headset HyperX,350.0,47,124,1
2025-09-15,Headset HyperX,350.0,35,74,0
2025-09-16,Headset HyperX,350.0,35,69,0
2025-09-17,Headset HyperX,350.0,44,108,0
2025-09-18,Headset HyperX,350.0,36,56,0
2025-09-19,Headset HyperX,350.0,54,69,1
2025-09-20,Headset HyperX,350.0,51,144,1
2025-09-21,Headset HyperX,350.0,49,60,1
2025-09-22,Headset HyperX,350.0,32,42,0
2025-09-23,Headset HyperX,350.0,32,62,0
2025-09-24,Headset HyperX,350.0,37,58,0
2025-09-25,Headset HyperX,350.0,42,78,0
2025-09-26,Headset HyperX,350.0,57,102,1
2025-09-27,Headset HyperX,350.0,48,100,1
2025-09-28,Headset HyperX,350.0,53,90,1
2025-09-29,Headset HyperX,350.0,31,65,0
2025-09-30,Headset HyperX,350.0,40,66,0
2025-10-01,Headset HyperX,350.0,32,50,0
2025-10-02,Headset HyperX,350.0,41,108,0
2025-10-03,Headset HyperX,350.0,53,150,1
2025-10-04,Headset HyperX,350.0,47,129,1
2025-10-05,Headset HyperX,350.0,54,126,1
2025-10-06,Headset HyperX,350.0,33,89,0
2025-10-07,Headset HyperX,350.0,50,72,0
2025-10-08,Headset HyperX,350.0,33,86,0
2025-10-09,Headset HyperX,350.0,34,88,0
2025-10-10,Headset HyperX,350.0,35,79,1
2025-10-11,Headset HyperX,350.0,51,98,1
2025-10-12,Headset HyperX,350.0,42,85,1
2025-10-13,Headset HyperX,350.0,39,47,0
2025-10-14,Headset HyperX,350.0,29,56,0
2025-10-15,Headset HyperX,350.0,41,118,0
2025-10-16,Headset HyperX,350.0,34,86,0
2025-10-17,Headset HyperX,350.0,53,106,1
2025-10-18,Headset HyperX,350.0,52,137,1
2025-10-19,Headset HyperX,350.0,58,96,1
2025-10-20,Headset HyperX,350.0,24,60,0
2025-10-21,Headset HyperX,350.0,31,82,0
2025-10-22,Headset HyperX,350.0,37,96,0
2025-10-23,Headset HyperX,350.0,27,45,0
2025-10-24,Headset HyperX,350.0,56,90,1
2025-10-25,Headset HyperX,350.0,52,69,1
2025-10-26,Headset HyperX,350.0,47,126,1
2025-10-27,Headset HyperX,350.0,35,92,0
2025-10-28,Headset HyperX,350.0,23,64,0
2025-10-29,Headset HyperX,350.0,31,60,0
2025-10-30,Headset HyperX,350.0,23,28,0
2025-10-31,Headset HyperX,350.0,47,91,1
2025-11-01,Headset HyperX,350.0,40,99,1
2025-11-02,Headset HyperX,350.0,48,94,1
2025-11-03,Headset HyperX,350.0,22,55,0
2025-11-04,Headset HyperX,350.0,34,89,0
2025-11-05,Headset HyperX,350.0,39,67,0
2025-11-06,Headset HyperX,350.0,23,44,0
2025-11-07,Headset HyperX,350.0,52,130,1
2025-11-08,Headset HyperX,350.0,54,76,1
2025-11-09,Headset HyperX,350.0,58,91,1
2025-11-10,Headset HyperX,350.0,29,47,0
2025-11-11,Headset HyperX,350.0,31,52,0
2025-11-12,Headset HyperX,350.0,40,89,0
2025-11-13,Headset HyperX,350.0,30,89,0
2025-11-14,Headset HyperX,350.0,56,155,1
2025-11-15,Headset HyperX,350.0,46,111,1
2025-11-16,Headset HyperX,350.0,56,87,1
2025-11-17,Headset HyperX,350.0,31,55,0
2025-11-18,Headset HyperX,350.0,45,55,0
2025-11-19,Headset HyperX,350.0,41,118,0
2025-11-20,Headset HyperX,350.0,33,95,0
2025-11-21,Headset HyperX,350.0,59,117,1
2025-11-22,Headset HyperX,350.0,49,68,1
2025-11-23,Headset HyperX,350.0,51,131,1
2025-11-24,Headset HyperX,350.0,39,113,0
2025-11-25,Headset HyperX,350.0,37,96,0
2025-11-26,Headset HyperX,350.0,39,94,0
2025-11-27,Headset HyperX,350.0,35,67,0
2025-11-28,Headset HyperX,350.0,48,119,1
2025-11-29,Headset HyperX,350.0,51,142,1
2025-11-30,Headset HyperX,350.0,53,135,1
2025-12-01,Headset HyperX,350.0,39,79,0
2025-12-02,Headset HyperX,350.0,32,45,0
2025-12-03,Headset HyperX,350.0,35,59,0
2025-12-04,Headset HyperX,350.0,39,104,0
2025-12-05,Headset HyperX,350.0,65,125,1
2025-12-06,Headset HyperX,350.0,47,91,1
2025-12-07,Headset HyperX,350.0,49,115,1
2025-12-08,Headset HyperX,350.0,27,68,0
2025-12-09,Headset HyperX,350.0,33,89,0
2025-12-10,Headset HyperX,350.0,36,72,0
2025-12-11,Headset HyperX,350.0,34,72,0
2025-12-12,Headset HyperX,350.0,45,113,1
2025-12-13,Headset HyperX,350.0,48,110,1
2025-12-14,Headset HyperX,350.0,44,82,1
2025-12-15,Headset HyperX,350.0,41,52,0
2025-12-16,Headset HyperX,350.0,37,69,0
2025-12-17,Headset HyperX,350.0,33,88,0
2025-12-18,Headset HyperX,350.0,32,74,0
2025-12-19,Headset HyperX,350.0,54,74,1
2025-12-20,Headset HyperX,350.0,41,89,1
2025-12-21,Headset HyperX,350.0,58,124,1
2025-12-22,Headset HyperX,350.0,40,102,0
2025-12-23,Headset HyperX,350.0,28,34,0
2025-12-24,Headset HyperX,350.0,37,70,0
2025-12-25,Headset HyperX,350.0,29,69,0
2025-12-26,Headset HyperX,350.0,43,63,1
2025-12-27,Headset HyperX,350.0,41,68,1
2025-12-28,Headset HyperX,350.0,43,111,1
2025-12-29,Headset HyperX,350.0,44,120,0
2025-12-30,Headset HyperX,350.0,42,73,0
2025-12-31,Headset HyperX,350.0,35,68,0
2025-01-01,Cadeira Gamer,900.0,22,38,0
2025-01-02,Cadeira Gamer,900.0,23,37,0
2025-01-03,Cadeira Gamer,900.0,37,104,1
2025-01-04,Cadeira Gamer,900.0,31,65,1
2025-01-05,Cadeira Gamer,900.0,34,91,1
2025-01-06,Cadeira Gamer,900.0,34,81,0
2025-01-07,Cadeira Gamer,900.0,23,56,0
2025-01-08,Cadeira Gamer,900.0,31,51,0
2025-01-09,Cadeira Gamer,900.0,27,48,0
2025-01-10,Cadeira Gamer,900.0,41,69,1
2025-01-11,Cadeira Gamer,900.0,41,65,1
2025-01-12,Cadeira Gamer,900.0,34,77,1
2025-01-13,Cadeira Gamer,900.0,31,82,0
2025-01-14,Cadeira Gamer,900.0,20,52,0
2025-01-15,Cadeira Gamer,900.0,23,31,0
2025-01-16,Cadeira Gamer,900.0,29,71,0
2025-01-17,Cadeira Gamer,900.0,33,41,1
2025-01-18,Cadeira Gamer,900.0,29,48,1
2025-01-19,Cadeira Gamer,900.0,40,50,1
2025-01-20,Cadeira Gamer,900.0,19,45,0
2025-01-21,Cadeira Gamer,900.0,30,83,0
2025-01-22,Cadeira Gamer,900.0,25,44,0
2025-01-23,Cadeira Gamer,900.0,28,46,0
2025-01-24,Cadeira Gamer,900.0,40,89,1
2025-01-25,Cadeira Gamer,900.0,42,115,1
2025-01-26,Cadeira Gamer,900.0,42,125,1
2025-01-27,Cadeira Gamer,900.0,21,26,0
2025-01-28,Cadeira Gamer,900.0,25,46,0
2025-01-29,Cadeira Gamer,900.0,28,49,0
2025-01-30,Cadeira Gamer,900.0,34,80,0
2025-01-31,Cadeira Gamer,900.0,42,108,1
2025-02-01,Cadeira Gamer,900.0,45,57,1
2025-02-02,Cadeira Gamer,900.0,40,88,1
2025-02-03,Cadeira Gamer,900.0,32,74,0
2025-02-04,Cadeira Gamer,900.0,28,62,0
2025-02-05,Cadeira Gamer,900.0,32,95,0
2025-02-06,Cadeira Gamer,900.0,25,61,0
2025-02-07,Cadeira Gamer,900.0,46,87,1
2025-02-08,Cadeira Gamer,900.0,41,117,1
2025-02-09,Cadeira Gamer,900.0,32,91,1
2025-02-10,Cadeira Gamer,900.0,28,44,0
2025-02-11,Cadeira Gamer,900.0,16,47,0
2025-02-12,Cadeira Gamer,900.0,30,68,0
2025-02-13,Cadeira Gamer,900.0,31,40,0
2025-02-14,Cadeira Gamer,900.0,48,116,1
2025-02-15,Cadeira Gamer,900.0,36,67,1
2025-02-16,Cadeira Gamer,900.0,48,117,1
2025-02-17,Cadeira Gamer,900.0,27,63,0
2025-02-18,Cadeira Gamer,900.0,23,53,0
2025-02-19,Cadeira Gamer,900.0,24,54,0
2025-02-20,Cadeira Gamer,900.0,29,58,0
2025-02-21,Cadeira Gamer,900.0,34,81,1
2025-02-22,Cadeira Gamer,900.0,37,45,1
2025-02-23,Cadeira Gamer,900.0,40,104,1
2025-02-24,Cadeira Gamer,900.0,34,92,0
2025-02-25,Cadeira Gamer,900.0,31,81,0
2025-02-26,Cadeira Gamer,900.0,27,56,0
2025-02-27,Cadeira Gamer,900.0,29,55,0
2025-02-28,Cadeira Gamer,900.0,40,67,1
2025-03-01,Cadeira Gamer,900.0,33,94,1
2025-03-02,Cadeira Gamer,900.0,47,86,1
2025-03-03,Cadeira Gamer,900.0,34,43,0
2025-03-04,Cadeira Gamer,900.0,26,35,0
2025-03-05,Cadeira Gamer,900.0,24,55,0
2025-03-06,Cadeira Gamer,900.0,21,57,0
2025-03-07,Cadeira Gamer,900.0,42,117,1
2025-03-08,Cadeira Gamer,900.0,42,72,1
2025-03-09,Cadeira Gamer,900.0,34,89,1
2025-03-10,Cadeira Gamer,900.0,28,82,0
2025-03-11,Cadeira Gamer,900.0,31,63,0
2025-03-12,Cadeira Gamer,900.0,24,70,0
2025-03-13,Cadeira Gamer,900.0,26,69,0
2025-03-14,Cadeira Gamer,900.0,37,49,1
2025-03-15,Cadeira Gamer,900.0,35,55,1
2025-03-16,Cadeira Gamer,900.0,38,63,1
2025-03-17,Cadeira Gamer,900.0,19,26,0
2025-03-18,Cadeira Gamer,900.0,25,73,0
2025-03-19,Cadeira Gamer,900.0,25,64,0
2025-03-20,Cadeira Gamer,900.0,26,44,0
2025-03-21,Cadeira Gamer,900.0,41,108,1
2025-03-22,Cadeira Gamer,900.0,32,51,1
2025-03-23,Cadeira Gamer,900.0,33,47,1
2025-03-24,Cadeira Gamer,900.0,23,55,0
2025-03-25,Cadeira Gamer,900.0,20,26,0
2025-03-26,Cadeira Gamer,900.0,29,42,0
2025-03-27,Cadeira Gamer,900.0,24,43,0
2025-03-28,Cadeira Gamer,900.0,38,66,1
2025-03-29,Cadeira Gamer,900.0,34,75,1
2025-03-30,Cadeira Gamer,900.0,37,83,1
2025-03-31,Cadeira Gamer,900.0,28,59,0
2025-04-01,Cadeira Gamer,900.0,28,47,0
2025-04-02,Cadeira Gamer,900.0,21,43,0
2025-04-03,Cadeira Gamer,900.0,26,45,0
2025-04-04,Cadeira Gamer,900.0,34,91,1
2025-04-05,Cadeira Gamer,900.0,38,76,1
2025-04-06,Cadeira Gamer,900.0,35,87,1
2025-04-07,Cadeira Gamer,900.0,36,93,0
2025-04-08,Cadeira Gamer,900.0,31,85,0
2025-04-09,Cadeira Gamer,900.0,28,75,0
2025-04-10,Cadeira Gamer,900.0,17,50,0
2025-04-11,Cadeira Gamer,900.0,37,57,1
2025-04-12,Cadeira Gamer,900.0,43,89,1
2025-04-13,Cadeira Gamer,900.0,38,78,1
2025-04-14,Cadeira Gamer,900.0,35,94,0
2025-04-15,Cadeira Gamer,900.0,31,59,0
2025-04-16,Cadeira Gamer,900.0,25,44,0
2025-04-17,Cadeira Gamer,900.0,34,48,0
2025-04-18,Cadeira Gamer,900.0,37,57,1
2025-04-19,Cadeira Gamer,900.0,48,99,1
2025-04-20,Cadeira Gamer,900.0,47,110,1
2025-04-21,Cadeira Gamer,900.0,28,52,0
2025-04-22,Cadeira Gamer,900.0,19,45,0
2025-04-23,Cadeira Gamer,900.0,28,42,0
2025-04-24,Cadeira Gamer,900.0,21,35,0
2025-04-25,Cadeira Gamer,900.0,35,94,1
2025-04-26,Cadeira Gamer,900.0,36,61,1
2025-04-27,Cadeira Gamer,900.0,33,61,1
2025-04-28,Cadeira Gamer,900.0,28,73,0
2025-04-29,Cadeira Gamer,900.0,23,50,0
2025-04-30,Cadeira Gamer,900.0,25,68,0
2025-05-01,Cadeira Gamer,900.0,24,57,0
2025-05-02,Cadeira Gamer,900.0,41,65,1
2025-05-03,Cadeira Gamer,900.0,41,67,1
2025-05-04,Cadeira Gamer,900.0,37,61,1
2025-05-05,Cadeira Gamer,900.0,29,73,0
2025-05-06,Cadeira Gamer,900.0,33,48,0
2025-05-07,Cadeira Gamer,900.0,16,21,0
2025-05-08,Cadeira Gamer,900.0,24,49,0
2025-05-09,Cadeira Gamer,900.0,34,55,1
2025-05-10,Cadeira Gamer,900.0,35,99,1
2025-05-11,Cadeira Gamer,900.0,27,69,1
2025-05-12,Cadeira Gamer,900.0,16,23,0
2025-05-13,Cadeira Gamer,900.0,13,29,0
2025-05-14,Cadeira Gamer,900.0,24,71,0
2025-05-15,Cadeira Gamer,900.0,24,64,0
2025-05-16,Cadeira Gamer,900.0,45,67,1
2025-05-17,Cadeira Gamer,900.0,39,89,1
2025-05-18,Cadeira Gamer,900.0,28,79,1
2025-05-19,Cadeira Gamer,900.0,29,37,0
2025-05-20,Cadeira Gamer,900.0,46,58,0
2025-05-21,Cadeira Gamer,900.0,16,43,0
2025-05-22,Cadeira Gamer,900.0,35,52,0
2025-05-23,Cadeira Gamer,900.0,38,61,1
2025-05-24,Cadeira Gamer,900.0,36,46,1
2025-05-25,Cadeira Gamer,900.0,36,82,1
2025-05-26,Cadeira Gamer,900.0,28,47,0
2025-05-27,Cadeira Gamer,900.0,24,63,0
2025-05-28,Cadeira Gamer,900.0,21,40,0
2025-05-29,Cadeira Gamer,900.0,24,62,0
2025-05-30,Cadeira Gamer,900.0,40,65,1
2025-05-31,Cadeira Gamer,900.0,42,120,1
2025-06-01,Cadeira Gamer,900.0,48,91,1
2025-06-02,Cadeira Gamer,900.0,27,70,0
2025-06-03,Cadeira Gamer,900.0,33,53,0
2025-06-04,Cadeira Gamer,900.0,26,76,0
2025-06-05,Cadeira Gamer,900.0,26,62,0
2025-06-06,Cadeira Gamer,900.0,38,87,1
2025-06-07,Cadeira Gamer,900.0,40,96,1
2025-06-08,Cadeira Gamer,900.0,43,124,1
2025-06-09,Cadeira Gamer,900.0,24,67,0
2025-06-10,Cadeira Gamer,900.0,22,37,0
2025-06-11,Cadeira Gamer,900.0,31,90,0
2025-06-12,Cadeira Gamer,900.0,31,92,0
2025-06-13,Cadeira Gamer,900.0,46,81,1
2025-06-14,Cadeira Gamer,900.0,35,69,1
2025-06-15,Cadeira Gamer,900.0,37,61,1
2025-06-16,Cadeira Gamer,900.0,31,89,0
2025-06-17,Cadeira Gamer,900.0,24,36,0
2025-06-18,Cadeira Gamer,900.0,30,39,0
2025-06-19,Cadeira Gamer,900.0,26,35,0
2025-06-20,Cadeira Gamer,900.0,40,58,1
2025-06-21,Cadeira Gamer,900.0,33,97,1
2025-06-22,Cadeira Gamer,900.0,39,64,1
2025-06-23,Cadeira Gamer,900.0,12,24,0
2025-06-24,Cadeira Gamer,900.0,33,84,0
2025-06-25,Cadeira Gamer,900.0,30,67,0
2025-06-26,Cadeira Gamer,900.0,22,42,0
2025-06-27,Cadeira Gamer,900.0,47,131,1
2025-06-28,Cadeira Gamer,900.0,44,74,1
2025-06-29,Cadeira Gamer,900.0,33,50,1
2025-06-30,Cadeira Gamer,900.0,24,47,0
2025-07-01,Cadeira Gamer,900.0,21,56,0
2025-07-02,Cadeira Gamer,900.0,28,60,0
2025-07-03,Cadeira Gamer,900.0,24,41,0
2025-07-04,Cadeira Gamer,900.0,29,65,1
2025-07-05,Cadeira Gamer,900.0,38,75,1
2025-07-06,Cadeira Gamer,900.0,43,78,1
2025-07-07,Cadeira Gamer,900.0,27,68,0
2025-07-08,Cadeira Gamer,900.0,29,77,0
2025-07-09,Cadeira Gamer,900.0,27,59,0
2025-07-10,Cadeira Gamer,900.0,30,57,0
2025-07-11,Cadeira Gamer,900.0,40,71,1
2025-07-12,Cadeira Gamer,900.0,38,85,1
2025-07-13,Cadeira Gamer,900.0,39,79,1
2025-07-14,Cadeira Gamer,900.0,34,42,0
2025-07-15,Cadeira Gamer,900.0,30,71,0
2025-07-16,Cadeira Gamer,900.0,22,33,0
2025-07-17,Cadeira Gamer,900.0,27,60,0
2025-07-18,Cadeira Gamer,900.0,40,106,1
2025-07-19,Cadeira Gamer,900.0,38,112,1
2025-07-20,Cadeira Gamer,900.0,29,37,1
2025-07-21,Cadeira Gamer,900.0,22,28,0
2025-07-22,Cadeira Gamer,900.0,24,38,0
2025-07-23,Cadeira Gamer,900.0,36,82,0
2025-07-24,Cadeira Gamer,900.0,29,53,0
2025-07-25,Cadeira Gamer,900.0,31,83,1
2025-07-26,Cadeira Gamer,900.0,38,69,1
2025-07-27,Cadeira Gamer,900.0,45,83,1
2025-07-28,Cadeira Gamer,900.0,24,37,0
2025-07-29,Cadeira Gamer,900.0,32,43,0
2025-07-30,Cadeira Gamer,900.0,19,51,0
2025-07-31,Cadeira Gamer,900.0,12,19,0
2025-08-01,Cadeira Gamer,900.0,45,120,1
2025-08-02,Cadeira Gamer,900.0,36,68,1
2025-08-03,Cadeira Gamer,900.0,29,83,1
2025-08-04,Cadeira Gamer,900.0,25,35,0
2025-08-05,Cadeira Gamer,900.0,27,58,0
2025-08-06,Cadeira Gamer,900.0,29,36,0
2025-08-07,Cadeira Gamer,900.0,14,20,0
2025-08-08,Cadeira Gamer,900.0,35,83,1
2025-08-09,Cadeira Gamer,900.0,39,96,1
2025-08-10,Cadeira Gamer,900.0,41,54,1
2025-08-11,Cadeira Gamer,900.0,22,50,0
2025-08-12,Cadeira Gamer,900.0,25,72,0
2025-08-13,Cadeira Gamer,900.0,24,44,0
2025-08-14,Cadeira Gamer,900.0,28,61,0
2025-08-15,Cadeira Gamer,900.0,44,117,1
2025-08-16,Cadeira Gamer,900.0,37,85,1
2025-08-17,Cadeira Gamer,900.0,32,44,1
2025-08-18,Cadeira Gamer,900.0,23,42,0
2025-08-19,Cadeira Gamer,900.0,35,83,0
2025-08-20,Cadeira Gamer,900.0,22,29,0
2025-08-21,Cadeira Gamer,900.0,20,29,0
2025-08-22,Cadeira Gamer,900.0,37,99,1
2025-08-23,Cadeira Gamer,900.0,38,57,1
2025-08-24,Cadeira Gamer,900.0,36,100,1
2025-08-25,Cadeira Gamer,900.0,19,39,0
2025-08-26,Cadeira Gamer,900.0,28,70,0
2025-08-27,Cadeira Gamer,900.0,28,65,0
2025-08-28,Cadeira Gamer,900.0,30,57,0
2025-08-29,Cadeira Gamer,900.0,40,96,1
2025-08-30,Cadeira Gamer,900.0,47,92,1
2025-08-31,Cadeira Gamer,900.0,42,61,1
2025-09-01,Cadeira Gamer,900.0,29,78,0
2025-09-02,Cadeira Gamer,900.0,33,65,0
2025-09-03,Cadeira Gamer,900.0,27,50,0
2025-09-04,Cadeira Gamer,900.0,26,70,0
2025-09-05,Cadeira Gamer,900.0,40,82,1
2025-09-06,Cadeira Gamer,900.0,29,64,1
2025-09-07,Cadeira Gamer,900.0,39,69,1
2025-09-08,Cadeira Gamer,900.0,26,65,0
2025-09-09,Cadeira Gamer,900.0,29,52,0
2025-09-10,Cadeira Gamer,900.0,32,92,0
2025-09-11,Cadeira Gamer,900.0,29,55,0
2025-09-12,Cadeira Gamer,900.0,35,104,1
2025-09-13,Cadeira Gamer,900.0,43,53,1
2025-09-14,Cadeira Gamer,900.0,47,114,1
2025-09-15,Cadeira Gamer,900.0,32,45,0
2025-09-16,Cadeira Gamer,900.0,20,35,0
2025-09-17,Cadeira Gamer,900.0,29,63,0
2025-09-18,Cadeira Gamer,900.0,21,31,0
2025-09-19,Cadeira Gamer,900.0,37,72,1
2025-09-20,Cadeira Gamer,900.0,40,54,1
2025-09-21,Cadeira Gamer,900.0,40,76,1
2025-09-22,Cadeira Gamer,900.0,32,47,0
2025-09-23,Cadeira Gamer,900.0,35,56,0
2025-09-24,Cadeira Gamer,900.0,29,83,0
2025-09-25,Cadeira Gamer,900.0,25,48,0
2025-09-26,Cadeira Gamer,900.0,29,36,1
2025-09-27,Cadeira Gamer,900.0,45,101,1
2025-09-28,Cadeira Gamer,900.0,38,85,1
2025-09-29,Cadeira Gamer,900.0,26,49,0
2025-09-30,Cadeira Gamer,900.0,27,45,0
2025-10-01,Cadeira Gamer,900.0,29,71,0
2025-10-02,Cadeira Gamer,900.0,29,54,0
2025-10-03,Cadeira Gamer,900.0,37,81,1
2025-10-04,Cadeira Gamer,900.0,38,102,1
2025-10-05,Cadeira Gamer,900.0,35,92,1
2025-10-06,Cadeira Gamer,900.0,23,61,0
2025-10-07,Cadeira Gamer,900.0,23,66,0
2025-10-08,Cadeira Gamer,900.0,26,46,0
2025-10-09,Cadeira Gamer,900.0,22,60,0
2025-10-10,Cadeira Gamer,900.0,24,43,1
2025-10-11,Cadeira Gamer,900.0,37,70,1
2025-10-12,Cadeira Gamer,900.0,32,71,1
2025-10-13,Cadeira Gamer,900.0,27,71,0
2025-10-14,Cadeira Gamer,900.0,23,33,0
2025-10-15,Cadeira Gamer,900.0,29,48,0
2025-10-16,Cadeira Gamer,900.0,21,50,0
2025-10-17,Cadeira Gamer,900.0,30,39,1
2025-10-18,Cadeira Gamer,900.0,38,93,1
2025-10-19,Cadeira Gamer,900.0,36,55,1
2025-10-20,Cadeira Gamer,900.0,20,55,0
2025-10-21,Cadeira Gamer,900.0,30,84,0
2025-10-22,Cadeira Gamer,900.0,21,40,0
2025-10-23,Cadeira Gamer,900.0,23,37,0
2025-10-24,Cadeira Gamer,900.0,43,103,1
2025-10-25,Cadeira Gamer,900.0,41,110,1
2025-10-26,Cadeira Gamer,900.0,33,83,1
2025-10-27,Cadeira Gamer,900.0,25,46,0
2025-10-28,Cadeira Gamer,900.0,21,28,0
2025-10-29,Cadeira Gamer,900.0,31,92,0
2025-10-30,Cadeira Gamer,900.0,31,85,0
2025-10-31,Cadeira Gamer,900.0,48,82,1
2025-11-01,Cadeira Gamer,900.0,50,97,1
2025-11-02,Cadeira Gamer,900.0,35,68,1
2025-11-03,Cadeira Gamer,900.0,30,81,0
2025-11-04,Cadeira Gamer,900.0,17,26,0
2025-11-05,Cadeira Gamer,900.0,27,72,0
2025-11-06,Cadeira Gamer,900.0,29,63,0
2025-11-07,Cadeira Gamer,900.0,34,87,1
2025-11-08,Cadeira Gamer,900.0,35,57,1
2025-11-09,Cadeira Gamer,900.0,43,76,1
2025-11-10,Cadeira Gamer,900.0,29,70,0
2025-11-11,Cadeira Gamer,900.0,35,84,0
2025-11-12,Cadeira Gamer,900.0,34,76,0
2025-11-13,Cadeira Gamer,900.0,18,46,0
2025-11-14,Cadeira Gamer,900.0,36,57,1
2025-11-15,Cadeira Gamer,900.0,33,76,1
2025-11-16,Cadeira Gamer,900.0,42,106,1
2025-11-17,Cadeira Gamer,900.0,28,76,0
2025-11-18,Cadeira Gamer,900.0,22,28,0
2025-11-19,Cadeira Gamer,900.0,22,45,0
2025-11-20,Cadeira Gamer,900.0,33,94,0
2025-11-21,Cadeira Gamer,900.0,36,44,1
2025-11-22,Cadeira Gamer,900.0,28,37,1
2025-11-23,Cadeira Gamer,900.0,33,72,1
2025-11-24,Cadeira Gamer,900.0,36,54,0
2025-11-25,Cadeira Gamer,900.0,32,94,0
2025-11-26,Cadeira Gamer,900.0,20,25,0
2025-11-27,Cadeira Gamer,900.0,27,59,0
2025-11-28,Cadeira Gamer,900.0,43,90,1
2025-11-29,Cadeira Gamer,900.0,30,85,1
2025-11-30,Cadeira Gamer,900.0,44,85,1
2025-12-01,Cadeira Gamer,900.0,29,50,0
2025-12-02,Cadeira Gamer,900.0,23,49,0
2025-12-03,Cadeira Gamer,900.0,30,78,0
2025-12-04,Cadeira Gamer,900.0,28,67,0
2025-12-05,Cadeira Gamer,900.0,40,69,1
2025-12-06,Cadeira Gamer,900.0,39,46,1
2025-12-07,Cadeira Gamer,900.0,34,81,1
2025-12-08,Cadeira Gamer,900.0,23,53,0
2025-12-09,Cadeira Gamer,900.0,25,62,0
2025-12-10,Cadeira Gamer,900.0,27,48,0
2025-12-11,Cadeira Gamer,900.0,30,54,0
2025-12-12,Cadeira Gamer,900.0,48,69,1
2025-12-13,Cadeira Gamer,900.0,40,55,1
2025-12-14,Cadeira Gamer,900.0,42,80,1
2025-12-15,Cadeira Gamer,900.0,31,43,0
2025-12-16,Cadeira Gamer,900.0,30,36,0
2025-12-17,Cadeira Gamer,900.0,22,36,0
2025-12-18,Cadeira Gamer,900.0,33,40,0
2025-12-19,Cadeira Gamer,900.0,44,128,1
2025-12-20,Cadeira Gamer,900.0,39,86,1
2025-12-21,Cadeira Gamer,900.0,34,74,1
2025-12-22,Cadeira Gamer,900.0,27,50,0
2025-12-23,Cadeira Gamer,900.0,19,31,0
2025-12-24,Cadeira Gamer,900.0,34,46,0
2025-12-25,Cadeira Gamer,900.0,23,34,0
2025-12-26,Cadeira Gamer,900.0,37,110,1
2025-12-27,Cadeira Gamer,900.0,46,127,1
2025-12-28,Cadeira Gamer,900.0,26,77,1
2025-12-29,Cadeira Gamer,900.0,33,59,0
2025-12-30,Cadeira Gamer,900.0,28,49,0
2025-12-31,Cadeira Gamer,900.0,35,84,0
